/*
 Navicat Premium Data Transfer

 Source Server         : Windows10
 Source Server Type    : MySQL
 Source Server Version : 50724
 Source Host           : localhost:3306
 Source Schema         : blog

 Target Server Type    : MySQL
 Target Server Version : 50724
 File Encoding         : 65001

 Date: 05/10/2020 15:39:24
*/

SET NAMES utf8mb4;
SET FOREIGN_KEY_CHECKS = 0;

-- ----------------------------
-- Table structure for t_blog
-- ----------------------------
DROP TABLE IF EXISTS `t_blog`;
CREATE TABLE `t_blog`  (
  `id` bigint(20) NOT NULL AUTO_INCREMENT,
  `title` varchar(50) CHARACTER SET utf8 COLLATE utf8_general_ci NULL DEFAULT NULL,
  `content` text CHARACTER SET utf8 COLLATE utf8_general_ci NULL,
  `first_picture` varchar(100) CHARACTER SET utf8 COLLATE utf8_general_ci NULL DEFAULT NULL,
  `flag` tinyint(1) NULL DEFAULT NULL,
  `views` int(11) NULL DEFAULT NULL,
  `appreciation` tinyint(1) NOT NULL DEFAULT 0,
  `notice` tinyint(1) NOT NULL,
  `share_statement` tinyint(1) NOT NULL DEFAULT 0,
  `carousel` tinyint(1) NOT NULL,
  `comment` tinyint(1) NOT NULL DEFAULT 0,
  `published` tinyint(1) NOT NULL DEFAULT 0,
  `recommend` tinyint(1) NOT NULL DEFAULT 0,
  `headline` tinyint(1) NOT NULL,
  `create_time` datetime(0) NULL DEFAULT NULL,
  `update_time` datetime(0) NULL DEFAULT NULL,
  `type_id` bigint(20) NULL DEFAULT NULL,
  `user_id` bigint(20) NULL DEFAULT NULL,
  `description` text CHARACTER SET utf8 COLLATE utf8_general_ci NULL,
  `tag_ids` varchar(100) CHARACTER SET utf8 COLLATE utf8_general_ci NULL DEFAULT NULL,
  PRIMARY KEY (`id`) USING BTREE
) ENGINE = InnoDB AUTO_INCREMENT = 59 CHARACTER SET = utf8 COLLATE = utf8_general_ci ROW_FORMAT = Dynamic;

-- ----------------------------
-- Records of t_blog
-- ----------------------------
INSERT INTO `t_blog` VALUES (1, 'Docker 常用命令', '## 1. 帮助命令\r\n\r\n```\r\ndocker version //版本信息\r\ndocker info    //docker详细信息\r\ndocker --help  //类似于Linux help命令\r\n```\r\n\r\n## 2. 镜像命令\r\n\r\n### 3. 列出本地镜像\r\n\r\n```\r\ndocker images  //列出本地所有镜像\r\n```\r\n\r\n```\r\ndocker images [OPTIONS]\r\n常用OPTIONS说明：\r\n-a: 列出本地的所有镜像，包括中间印象层\r\n-q: 只显示镜像的ID\r\n--digests: 显示镜像的摘要信息\r\n--no-trunc: 显示完整的镜像信息\r\n```\r\n![](http://47.93.123.42/upload/images/20200406/1586163165546_911.png)\r\n\r\n**选项说明:**\r\n\r\n| 参数名      | 说明             |\r\n| ---------- | ---------------- |\r\n| REPOSITORY | 表示镜像的仓库源 |\r\n| TAG        | 镜像的标签       |\r\n| IMAGE ID   | 镜像ID           |\r\n| CREATED    | 镜像创建时间     |\r\n| SIZE       | 镜像大小         |\r\n\r\n同一仓库源可以有多个 TAG，代表这个仓库源的不同个版本，我们使用 REPOSITORY:TAG 来定义不同的镜像。\r\n\r\n如果你不指定一个镜像的版本标签，例如你只使用 ubuntu，docker 将默认使用 ubuntu:latest 镜像.\r\n\r\n### 2. 查找命令\r\n\r\n```\r\ndocker search [某镜像的名字] //查找某个镜像\r\n```\r\n\r\n 注意：即使本地镜像源配置的是阿里云，但是这个search也是去**docker hub**上去查找，只不过在pull的时候从阿里云上pull。 \r\n\r\n```\r\ndocker search [OPTIONS] [某镜像的名字]常用OPTIONS说明：\r\n--filter stars: 列出收藏数(stars)不少于指定值的镜像\r\n--automated: 只列出automated build类型的镜像\r\n--no-trunc: 显示完整的镜像信息\r\n```\r\n\r\n![](http://47.93.123.42/upload/images/20200406/1586163209506_87.png)\r\n\r\n```\r\ndocker pull [镜像名字][:TAG] //下载某个镜像\r\n```\r\n\r\n 注意：docker pull tomcat 相当于是docker pull tomcat:latest，不加后面的TAG的话默认是latest ,如果需要具体的版本还需要注明具体pull那个版本,否则则是最新版本.\r\n\r\n### 3. 删除命令\r\n\r\n```\r\ndocker rmi [某个镜像的名字/ID]		//删除某个镜像\r\ndocker rmi -f [某个镜像的名字/ID]	//守护进程正在使用的情况下可以用-f强制删除\r\ndocker rmi -f [镜像名1][:TAG] [镜像名2][:TAG] //删除多个镜像\r\ndocker rmi -f $(docker images -qa) //删除全部 $()是shell脚本中的变量返回值的赋值\r\n```\r\n\r\n## 3.容器命令\r\n\r\n### 1. 新建并启动容器\r\n\r\n```\r\ndocker run [OPTIONS] IMAGE [COMMAND] [ARG...] //优先查找本地如果本地没有则从hub pull一个镜像\r\n```\r\n\r\n```\r\nOPTIONS说明（常用）：有些是一个减号，有些是两个减号\r\n--name=\"容器新名字\": 为容器指定一个名称；\r\n-d: 后台运行容器，并返回容器ID，也即启动守护式容器；\r\n-i：以交互模式运行容器，通常与 -t 同时使用；\r\n-t：为容器重新分配一个伪输入终端，通常与 -i 同时使用；\r\n-P: 随机端口映射；\r\n-p: 指定端口映射，有以下四种格式\r\n      ip:hostPort:containerPort\r\n      ip::containerPort\r\n      hostPort:containerPort\r\n      containerPort\r\n```\r\n\r\n **启动交互模式** :\r\n\r\n```\r\n docker run -it [镜像名]\r\n```\r\n\r\n### 2.  列出所有当前正在运行的容器 \r\n\r\n```\r\ndocker ps //当前正在运行的容器\r\n```\r\n\r\n```\r\nOPTIONS说明（常用）：\r\n-a :列出当前所有正在运行的容器+历史上运行过的\r\n-l :显示最近创建的容器。\r\n-n：显示最近n个创建的容器。\r\n-q :静默模式，只显示容器编号。\r\n--no-trunc :不截断输出。\r\n```\r\n\r\n### 3. 退出容器\r\n\r\n``` \r\nexit 		 //容器退出停止\r\ncrtl + P + Q //容器退出不停止\r\n```\r\n\r\n### 4. 启动守护式容器\r\n\r\n```\r\ndocker run -d [容器名]\r\n```\r\n\r\n**问题**：然后docker ps -a 进行查看, 会发现容器已经退出\r\n\r\n很重要的要说明的一点: Docker容器后台运行,就必须有一个前台进程.\r\n\r\n容器运行的命令如果不是那些一直挂起的命令（比如运行top，tail），就是会自动退出的。\r\n\r\n 这个是docker的机制问题,比如你的web容器,我们以nginx为例，正常情况下,我们配置启动服务只需要启动响应的service即可。例如\r\n\r\nservice nginx start\r\n\r\n但是,这样做,nginx为后台进程模式运行,就导致docker前台没有运行的应用,\r\n\r\n这样的容器后台启动后,会立即自杀因为他觉得他没事可做了.\r\n\r\n所以，最佳的解决方案是,将你要运行的程序以前台进程的形式运行\r\n\r\n### 5. 查看容器日志\r\n\r\n```\r\ndocker logs -f -t -tail [tail numbers] [容器ID]\r\n```\r\n\r\n```\r\n相关OPTIONS说明(常用)：\r\n-t:显示时加入时间戳\r\n-f:跟随最新的日志打印\r\n-tail [numbers]:显示最后的多少条\r\n```\r\n\r\n### 6. 查看容器内运行的进程 \r\n\r\n```\r\ndocker top [容器ID]\r\n```\r\n![](http://47.93.123.42/upload/images/20200406/1586163299105_284.png)\r\n\r\n### 7. 进入正在运行的容器\r\n\r\n```\r\ndocker attach [容器ID] //重新进入正在运行的容器中\r\ndocker exec -it [容器ID] [shell command] //不进入容器，直接在宿主机上运行容器里的shell command，并返回结果。\r\n```\r\n\r\n**区别**:\r\n\r\n`attach`:是直接进入容器,不启动新的进程\r\n\r\n`exec`:是在容器中打开新的终端,并且启动新的进程\r\n\r\n### 8.  文件拷贝\r\n\r\n```\r\ndocker cp [容器ID]:[容器内的路径] [目的主机的路径]\r\n```\r\n\r\n### 3. 其他命令\r\n\r\n```\r\ndocker start [容器ID/容器名]：启动容器\r\n\r\ndocker restart [容器ID/容器名]：重新启动容器\r\n\r\ndocker stop[容器ID/容器名]：停止容器（正常关机)\r\n\r\ndocker rm[容器ID]：删除已停止的容器\r\n\r\ndocker rm -f $(docker ps -a -q)：一次性删除多个容器\r\n\r\ndocker ps -a -q | xargs docker rm：一次性删除多个容器(Linux管道)\r\n\r\ndocker ps -n 2 : 2代表运行过的近二个容器\r\n\r\ndocker inspect [容器ID]：从查看容器内部细节\r\n\r\nattach Attach to a running container # 当前 shell 下 attach 连接指定运行镜像\r\n\r\nbuild Build an image from a Dockerfile # 通过 Dockerfile 定制镜像\r\n\r\ncommit Create a new image from a container changes # 提交当前容器为新的镜像\r\n\r\ncp Copy files/folders from the containers filesystem to the host path #从容器中拷贝指定文件或者目录到宿主机中\r\n\r\ncreate Create a new container # 创建一个新的容器，同 run，但不启动容器\r\n\r\ndiff Inspect changes on a container\'s filesystem # 查看 docker 容器变化\r\n\r\nevents Get real time events from the server # 从 docker 服务获取容器实时事件\r\n\r\nexec Run a command in an existing container # 在已存在的容器上运行命令\r\n\r\nexport Stream the contents of a container as a tar archive # 导出容器的内容流作为一个 tar 归档文件[对应 import ]\r\n\r\nhistory Show the history of an image # 展示一个镜像形成历史\r\n\r\nimages List images # 列出系统当前镜像\r\n\r\nimport Create a new filesystem image from the contents of a tarball # 从tar包中的内容创建一个新的文件系统映像[对应export]\r\n\r\ninfo Display system-wide information # 显示系统相关信息\r\n\r\ninspect Return low-level information on a container # 查看容器详细信息\r\n\r\nkill Kill a running container # kill 指定 docker 容器\r\n\r\nload Load an image from a tar archive # 从一个 tar 包中加载一个镜像[对应 save]\r\n\r\nlogin Register or Login to the docker registry server # 注册或者登陆一个 docker 源服务器\r\n\r\nlogout Log out from a Docker registry server # 从当前 Docker registry 退出\r\n\r\nlogs Fetch the logs of a container # 输出当前容器日志信息\r\n\r\nport Lookup the public-facing port which is NAT-ed to PRIVATE_PORT # 查看映射端口对应的容器内部源端口\r\n\r\npause Pause all processes within a container # 暂停容器\r\n\r\nps List containers # 列出容器列表\r\n\r\npull Pull an image or a repository from the docker registry server # 从docker镜像源服务器拉取指定镜像或者库镜像\r\n\r\npush Push an image or a repository to the docker registry server # 推送指定镜像或者库镜像至docker源服务器\r\n\r\nrestart Restart a running container # 重启运行的容器\r\n\r\nrm Remove one or more containers # 移除一个或者多个容器\r\n\r\nrmi Remove one or more images # 移除一个或多个镜像[无容器使用该镜像才可删除，否则需删除相关容器才可继续或 -f 强制删除]\r\n\r\nrun Run a command in a new container # 创建一个新的容器并运行一个命令\r\n\r\nsave Save an image to a tar archive # 保存一个镜像为一个 tar 包[对应 load]\r\n\r\nsearch Search for an image on the Docker Hub # 在 docker hub 中搜索镜像\r\n\r\nstart Start a stopped containers # 启动容器\r\n\r\nstop Stop a running containers # 停止容器\r\n\r\ntag Tag an image into a repository # 给源中镜像打标签\r\n\r\ntop Lookup the running processes of a container # 查看容器中运行的进程信息\r\n\r\nunpause Unpause a paused container # 取消暂停容器\r\n\r\nversion Show the docker version information # 查看 docker 版本号\r\n\r\nwait Block until a container stops, then print its exit code # 截取容器停止时的退出状态值\r\n\r\n```\r\n\r\n------------\r\n\r\n\r\n### 参考\r\n**尚硅谷_Docker核心技术（基础篇）**', 'http://47.93.123.42:80/upload/images/20200715/1594793860293_571.jpg', 1, 30, 1, 0, 1, 0, 1, 1, 0, 0, '2020-04-05 21:27:25', '2020-07-15 06:17:47', 3, 1, 'Docker 常用命令记录', '13');
INSERT INTO `t_blog` VALUES (2, '数据库知识点复习', '## MyISAM和InnoDB区别\r\n\r\n​	MyISAM是MySQL的默认数据库引擎（5.5版之前）。虽然性能极佳，而且提供了大量的特性，包括全文索引、压缩、空间函数等，但MyISAM不支持事务和行级锁，而且最大的缺陷就是崩溃后无法安全恢复。不过，5.5版本之后，MySQL引入了InnoDB（事务性数据库引擎），MySQL 5.5版本后默认的存储引擎为InnoDB。\r\n\r\n​	大多数时候我们使用的都是 InnoDB 存储引擎，但是在某些情况下使用 MyISAM 也是合适的比如读密集的情况下。（如果你不介意 MyISAM 崩溃恢复问题的话）。\r\n\r\n**具体区别**\r\n\r\n- **是否支持行级锁 :** MyISAM 只有表级锁(table-level locking)，而InnoDB 支持行级锁(row-level locking)和表级锁,默认为行级锁。\r\n- **是否支持事务和崩溃后的安全恢复：** MyISAM 强调的是性能，每次查询具有原子性,其执行速度比InnoDB类型更快，但是不提供事务支持。但是InnoDB 提供事务支持事务，外部键等高级数据库功能。 具有事务(commit)、回滚(rollback)和崩溃修复能力(crash recovery capabilities)的事务安全(transaction-safe (ACID compliant))型表。\r\n- **是否支持外键：** MyISAM不支持，而InnoDB支持。\r\n- **是否支持MVCC：** 仅InnoDB 支持。应对高并发事务, MVCC比单纯的加锁更高效;MVCC只在 READ COMMITTED 和 REPEATABLE READ 两个隔离级别下工作;MVCC可以使用 乐观(optimistic)锁 和 悲观(pessimistic)锁来实现;各数据库中MVCC实现并不统一。\r\n\r\n   MyISAM适合：(1) 做很多count 的计算；(2) 读密集；(3) 没有事务；\r\n   InnoDB适合：(1) 要求事务；(2)写密集 ；(3) 高并发；\r\n\r\n## 事物\r\n\r\n### 什么是事务?\r\n\r\n​	事务是逻辑上的一组操作，**要么都执行，要么都不执行**。\r\n\r\n###          事物的四大特性 \r\n\r\n- 原子性（Atomicity）： 事务是最小的执行单位，不允许分割。事务的原子性确保动作要么全部完成，要么完全不起作用；\r\n- 一致性（Consistency）： 执行事务前后，数据保持一致，多个事务对同一个数据读取的结果是相同的；\r\n- 隔离性（Isolation）： 并发访问数据库时，一个用户的事务不被其他事务所干扰，各并发事务之间数据库是独立的；\r\n- 持久性（Durability）： 一个事务被提交之后。它对数据库中数据的改变是持久的，即使数据库发生故障也不应该对其有任何影响。\r\n\r\n### 并发事务带来哪些问题?\r\n\r\n- 脏读（Dirty read）: 一个事务读取了另一个事务修改但未提交的数据。\r\n- 丢失修改（Lost to modify）: 一个事务连续读两次数据，但结果不一样。(两次读之间，数据被其他事务修改)。\r\n- 不可重复读（Unrepeatableread）: 指在一个事务内多次读同一数据。在这个事务还没有结束时，另一个事务也访问该数据。那么，在第一个事务中的两次读数据之间，由于第二个事务的修改导致第一个事务两次读取的数据可能不太一样。这就发生了在一个事务内两次读到的数据是不一样的情况，因此称为不可重复读。\r\n- 幻读（Phantom read）: 一个事务连续读两次数据，读取数据量不一样。(两次读之前，数据被其他事务删除或新增)。\r\n\r\n### 事务隔离级别\r\n\r\n- 读未提交: 可以读取尚未提交的数据。 **可能会导致脏读、幻读或不可重复读**。 \r\n- 读已提交: 允许读取并发事务已经提交的数据。 **可以阻止脏读，但是幻读或不可重复读仍有可能发生**。 \r\n- 可重复读: 对同一字段的多次读取结果都是一致的，除非数据是被本身事务自己所修改，可以阻止脏读和不可重复读，但幻读仍有可能发生。\r\n  不可重复读很容易让人陷入一个思维定式那就是 我干嘛需要多次读取一个值还要保证一致要跳出这个思维看本质：我在事务中会不会受到其他事务的影响？\r\n  举个简单的例子 数据校对（只是举个例子体现意思 不用太在意具体的业务）\r\n  我要取当前的余额 当前的账单 上个月的余额 我要检验一下数据对不对\r\n  我在事务中取了当前的账单和上个月的余额，好嘛，这时候又有新的订单提交了，我再获取余额是不是就不一致了？\r\n- 串行化: 最高的隔离级别，完全服从ACID的隔离级别。所有的事务依次逐个执行，这样事务之间就完全不可能产生干扰，也就是说， **该级别可以防止脏读、不可重复读以及幻读**。 	\r\n\r\n​    MySQL InnoDB默认支持可重复读，但使用了Next-Key Lock算法避免了幻读的发生。完全达到了保保证事务的隔离要求。但在分布式事务下，一般可串行化。\r\n\r\n​	设置隔离级别之后，并不是不能并发，而是并发的时候，一个事务的修改数据(绝对读到，提交的才能读到。提交不提交，更新的数据都读不到。提交不提交，增删的数据都读不到)，什么时候才能被另一个事务读到。但彼此的逻辑操作没有影响。\r\n\r\n## 锁机制\r\n\r\nMysql为了解决并发、数据安全的问题，使用了锁机制。\r\n\r\n可以按照锁的粒度把数据库锁分为**表级锁和行级锁**。\r\n\r\n### 按照锁的粒度分类\r\n\r\n- 表级锁\r\n\r\nMysql中锁定 **粒度最大** 的一种锁，对当前操作的整张表加锁，实现简单 ，**资源消耗也比较少，加锁快，不会出现死锁 。**其锁定粒度最大，触发锁冲突的概率最高，并发度最低，MyISAM和 InnoDB引擎都支持表级锁。\r\n\r\n- 行级锁\r\n\r\nMysql中锁定 **粒度最小** 的一种锁，只针对当前操作的行进行加锁。 行级锁能大大减少数据库操作的冲突。其加锁粒度最小，并发度高，**但加锁的开销也最大，加锁慢，会出现死锁。** InnoDB支持的行级锁，包括如下几种。\r\n\r\n- Record Lock: 对索引项加锁，锁定符合条件的行。其他事务不能修改和删除加锁项；\r\n- Gap Lock: 对索引项之间的“间隙”加锁，锁定记录的范围（对第一条记录前的间隙或最后一条将记录后的间隙加锁），不包含索引项本身。其他事务不能在锁范围内插入数据，这样就防止了别的事务新增幻影行。\r\n- Next-key Lock： 锁定索引项本身和索引范围。即Record Lock和Gap Lock的结合。可解决幻读问题。\r\n\r\n **虽然使用行级索具有粒度小、并发度高等特点，但是表级锁有时候也是非常必要的**： \r\n\r\n- 事务更新大表中的大部分数据直接使用表级锁效率更高；\r\n- 事务比较复杂，使用行级索很可能引起死锁导致回滚。\r\n\r\n **表级锁和行级锁可以进一步划分为共享锁（s）和排他锁（X）。** \r\n\r\n### 按照是否可写分类\r\n\r\n**共享锁（s）**\r\n\r\n**共享锁（Share Locks，简记为S）又被称为读锁**，其他用户可以并发读取数据，但任何事务都不能获取数据上的排他锁，直到已释放所有共享锁。\r\n\r\n共享锁(S锁)又称为读锁，若事务T对数据对象A加上S锁，则事务T只能读A；其他事务只能再对A加S锁，而不能加X锁，直到T释放A上的S锁。这就保证了其他事务可以读A，但在T释放A上的S锁之前不能对A做任何修改。 \r\n\r\n **排他锁（X）：** \r\n\r\n排它锁（(Exclusive lock,简记为X锁)）又称为写锁，若事务T对数据对象A加上X锁，则只允许T读取和修改A，其它任何事务都不能再对A加任何类型的锁，直到T释放A上的锁。它防止任何其它事务获取资源上的锁，直到在事务的末尾将资源上的原始锁释放为止。在更新操作(INSERT、UPDATE 或 DELETE)过程中始终应用排它锁。\r\n\r\n**两者之间的区别：**\r\n\r\n1. 共享锁（S锁）：如果事务T对数据A加上共享锁后，则其他事务只能对A再加共享锁，不 能加排他锁。获取共享锁的事务只能读数据，不能修改数据。\r\n2. 排他锁（X锁）：如果事务T对数据A加上排他锁后，则其他事务不能再对A加任任何类型的封锁。获取排他锁的事务既能读数据，又能修改数据。\r\n\r\n### 死锁和避免死锁 \r\n\r\nMyISAM中是不会产生死锁的，因为MyISAM总是一次性获得所需的全部锁，要么全部满足，要么全部等待。而在InnoDB中，锁是逐步获得的，就造成了死锁的可能。\r\n\r\n在MySQL中，行级锁并不是直接锁记录，而是锁索引。索引分为主键索引和非主键索引两种，如果一条SQL语句操作了主键索引，MySQL就会锁定这条主键索引；如果一条语句操作了非主键索引，MySQL会先锁定该非主键索引，再锁定相关的主键索引。 在UPDATE、DELETE操作时，MySQL不仅锁定WHERE条件扫描过的所有索引记录，而且会锁定相邻的键值，即所谓的next-key locking。\r\n\r\n当两个事务同时执行，一个锁住了主键索引，在等待其他相关索引。另一个锁定了非主键索引，在等待主键索引。这样就会发生死锁。\r\n\r\n发生死锁后，InnoDB一般都可以检测到，并使一个事务释放锁回退，另一个获取锁完成事务。\r\n\r\n有多种方法可以避免死锁，这里只介绍常见的三种\r\n\r\n1. 如果不同程序会并发存取多个表，尽量约定以相同的顺序访问表，可以大大降低死锁机会。\r\n2. 在同一个事务中，尽可能做到一次锁定所需要的所有资源，减少死锁产生概率；\r\n3. 对于非常容易产生死锁的业务部分，可以尝试使用升级锁定颗粒度，通过表级锁定来减少死锁产生的概率\r\n\r\n\r\n------------\r\n### 参考\r\n**部分内容转载自Guide博客**\r\n\r\n', 'http://47.93.123.42:80/upload/images/20200715/1594793427645_376.jpg', 1, 36, 1, 1, 1, 1, 1, 1, 1, 1, '2020-07-11 00:14:58', '2020-07-24 01:01:28', 3, 1, 'MySQL存储引擎,事务,锁机制总结。', '16');
INSERT INTO `t_blog` VALUES (3, 'LeetCode', '## 121. 买卖股票的最佳时机\r\n\r\n给定一个数组，它的第 i 个元素是一支给定股票第 i 天的价格。\r\n\r\n如果你最多只允许完成一笔交易（即买入和卖出一支股票一次），设计一个算法来计算你所能获取的最大利润。\r\n\r\n注意：你不能在买入股票前卖出股票。\r\n\r\n```\r\nclass Solution {\r\n    public int maxProfit(int[] prices) {\r\n        int cost = Integer.MAX_VALUE;\r\n        int profit = 0;\r\n\r\n        for(int price : prices){\r\n            cost = Math.min(cost,price);\r\n            profit = Math.max(profit, price - cost);\r\n        }\r\n\r\n        return profit;\r\n    }\r\n}\r\n```\r\n## 35. 搜索插入位置\r\n\r\n给定一个排序数组和一个目标值，在数组中找到目标值，并返回其索引。如果目标值不存在于数组中，返回它将会被按顺序插入的位置。\r\n\r\n你可以假设数组中无重复元素。\r\n\r\n示例 1:\r\n\r\n```\r\n输入: [1,3,5,6], 5\r\n输出: 2\r\n```\r\n\r\n\r\n示例 2:\r\n\r\n```\r\n输入: [1,3,5,6], 2\r\n输出: 1\r\n```\r\n\r\n\r\n示例 3:\r\n\r\n```\r\n输入: [1,3,5,6], 7\r\n输出: 4\r\n```\r\n\r\n\r\n示例 4:\r\n\r\n```\r\n输入: [1,3,5,6], 0\r\n输出: 0\r\n```\r\n\r\n```\r\nclass Solution {\r\n    public int searchInsert(int[] nums, int target) {\r\n        int start = 0, end = nums.length - 1;\r\n        while(start <= end){\r\n            int mid = (start + end) >> 1;\r\n            if(nums[mid] < target){\r\n                start = mid + 1;\r\n            } else if(nums[mid] == target){\r\n               return mid;\r\n            } else {\r\n               end = mid - 1;\r\n            }\r\n        }\r\n        return start;\r\n    }\r\n}\r\n```\r\n## 1115. 交替打印FooBar\r\n我们提供一个类：\r\n```\r\nclass FooBar {\r\n  public void foo() {\r\n    for (int i = 0; i < n; i++) {\r\n      print(\"foo\");\r\n    }\r\n  }\r\n\r\n  public void bar() {\r\n    for (int i = 0; i < n; i++) {\r\n      print(\"bar\");\r\n    }\r\n  }\r\n}\r\n```\r\n两个不同的线程将会共用一个 FooBar 实例。其中一个线程将会调用 foo() 方法，另一个线程将会调用 bar() 方法。\r\n\r\n请设计修改程序，以确保 \"foobar\" 被输出 n 次。\r\n示例 1:\r\n```\r\n输入: n = 1\r\n输出: \"foobar\"\r\n解释: 这里有两个线程被异步启动。其中一个调用 foo() 方法, 另一个调用 bar() 方法，\"foobar\" 将被输出一次。\r\n```\r\n```\r\nclass FooBar {\r\n    private int n;\r\n\r\n    Semaphore s1 = new Semaphore(1);\r\n    Semaphore s2 = new Semaphore(0);\r\n\r\n    public FooBar(int n) {\r\n        this.n = n;\r\n    }\r\n\r\n    public void foo(Runnable printFoo) throws InterruptedException {\r\n        \r\n        for (int i = 0; i < n; i++) {\r\n            s1.acquire();\r\n        	printFoo.run();\r\n            s2.release();\r\n        }\r\n    }\r\n\r\n    public void bar(Runnable printBar) throws InterruptedException {\r\n        \r\n        for (int i = 0; i < n; i++) {\r\n            s2.acquire();\r\n        	printBar.run();\r\n            s1.release();\r\n        }\r\n    }\r\n}\r\n```\r\n补充一个交替打印奇偶:\r\n```\r\npublic class FooBar {\r\n	static int i = 0;\r\n	public static void main(String[] args) throws InterruptedException {\r\n\r\n		Semaphore Odd = new Semaphore(1);\r\n		Semaphore even = new Semaphore(0);\r\n\r\n		Thread t1 = new Thread(() -> {\r\n			try {\r\n				Odd.acquire();\r\n				while (true) {\r\n					i++;\r\n					if (i % 2 == 1){\r\n						System.out.println(\"奇数线程:\" + \" \" + i);\r\n						even.release();\r\n						Odd.acquire();\r\n					}\r\n				}\r\n			} catch (InterruptedException e) {\r\n				e.printStackTrace();\r\n			}\r\n		});\r\n\r\n		Thread t2 = new Thread(() -> {\r\n			try {\r\n				even.acquire();\r\n				while (true) {\r\n					i++;\r\n					if (i % 2 == 0){\r\n						System.out.println(\"偶数线程:\" + \" \" + i);\r\n						Odd.release();\r\n						even.acquire();\r\n					}\r\n				}\r\n			} catch (InterruptedException e) {\r\n				e.printStackTrace();\r\n			}\r\n		});\r\n\r\n		t2.start();\r\n		t1.start();\r\n	}\r\n}\r\n```\r\n## 剑指 Offer 31. 栈的压入、弹出序列\r\n输入两个整数序列，第一个序列表示栈的压入顺序，请判断第二个序列是否为该栈的弹出顺序。假设压入栈的所有数字均不相等。例如，序列 {1,2,3,4,5} 是某栈的压栈序列，序列 {4,5,3,2,1} 是该压栈序列对应的一个弹出序列，但 {4,3,5,1,2} 就不可能是该压栈序列的弹出序列。\r\n```\r\nclass Solution {\r\n    public boolean validateStackSequences(int[] pushed, int[] popped) {\r\n        Stack<Integer> stack = new Stack<>();\r\n        int i = 0;\r\n        for(int p : pushed){\r\n            stack.add(p);\r\n            while(!stack.isEmpty() && stack.peek() == popped[i]){\r\n                stack.pop();\r\n                i++;\r\n            }\r\n        }\r\n        return stack.isEmpty();\r\n    }\r\n}\r\n```\r\n\r\n', 'http://47.93.123.42:80/upload/images/20200716/1594921730619_445.png', 1, 12, 1, 0, 1, 0, 1, 1, 1, 0, '2020-07-12 15:47:40', '2020-07-18 15:16:49', 36, 1, '记录下刷题过程,后续给博客加个目录方便查找!', '17');
INSERT INTO `t_blog` VALUES (4, 'Linux Docker的博客部署过程并启用HTTPS加密传输协议', '备案没下来暂缓更新', 'http://47.93.123.42/upload/images/20200713/1594660266527_183.jpg', 1, 32, 1, 0, 1, 0, 1, 1, 0, 0, '2020-07-13 17:12:45', '2020-07-15 06:20:49', 3, 1, '简单记录下博客在云服务器上的部署过程。', '13,15,16');
INSERT INTO `t_blog` VALUES (5, '如何排查堆内存溢出(OOM)?', '## 什么是内存溢出和内存泄漏\r\n\r\n- **内存溢出 OutOfMemory** ：指程序在申请内存时，没有足够的内存空间供其使用。\r\n- **内存泄露 Memory Leak**：指程序在申请内存后，无法释放已申请的内存空间，内存泄漏最终将导致内存溢出。\r\n\r\n## 如何分析内存溢出或者泄露呢？\r\n\r\n可以使用 JDK自带的工具jvisualvm，因为是JDK自带工具配置配置好环境变量，在Windows系统下使用 Win  + R快捷键输入jvisualvm就可以直接打开了。\r\n\r\n![](http://47.93.123.42:80/upload/images/20200717/1594991972143_788.png)\r\n\r\n本文以一段Java代码为例， 写一个循环一直往List丢数据，最终导致内存溢出。\r\n\r\n```\r\nclass Test {\r\n    public static void main(String[] args) {\r\n        int size = 1204 * 1024 * 8;\r\n        List<byte[]> list = new ArrayList<>();\r\n        for (int i = 0; i < 1000; i++) {\r\n            try {\r\n                Thread.sleep(100);\r\n            } catch (InterruptedException e) {\r\n                e.printStackTrace();\r\n            }\r\n            list.add(new byte[size]);\r\n        }\r\n    }\r\n}\r\n```\r\n\r\n### 运行后jvisualvm分析界面：\r\n\r\n![](http://47.93.123.42:80/upload/images/20200717/1594991988308_626.png)\r\n\r\n可以看到堆内存一直在上升，且没有被回收。\r\n\r\n### 生成Dump文件\r\n\r\n**参数方式（推荐方式）：**\r\n\r\n1. 通过 -XX:+HeapDumpOnOutOfMemoryError 参数来生成dump文件（为产生OOM，还使用了-Xms20m -Xmx20m参数）；\r\n2. 使用Memory Analyzer打开生成的dump文件。“File->Open heap dump...”打开指定的dump文件后，将会生成Overview选项。\r\n3. ![](http://47.93.123.42:80/upload/images/20200717/1594992030137_60.png)\r\n\r\njvisualvm方式：\r\n\r\n![](http://47.93.123.42:80/upload/images/20200717/1594992004375_191.jpg)\r\n\r\n## 分析Dump文件并找到定位原因\r\n\r\n###  内存分析工具\r\n\r\nMAT(Memory Analyzer Tool)，一个基于Eclipse的内存分析工具，是一个快速、功能丰富的JAVA heap分析工具，它可以帮助我们查找内存泄漏和减少内存消耗。使用内存分析工具从众多的对象中进行分析，快速的计算出在内存中对象的占用大小，看看是谁阻止了垃圾收集器的回收工作，并可以通过报表直观的查看到可能造成这种结果的对象。\r\n\r\n###  **如何使用MAT** \r\n\r\n通过MAT打开Dump文件\r\n\r\n![](http://47.93.123.42:80/upload/images/20200717/1594992060570_609.png)\r\n\r\n 在Overview选项中，以饼状图的形式列举出了程序内存消耗的一些基本信息，其中每一种不同颜色的饼块都代表了不同比例的内存消耗情况。下方有几个选项如图： \r\n![](http://47.93.123.42:80/upload/images/20200717/1594992050076_114.png)\r\n- Histogram  可以列出内存中的对象，对象的个数以及大小；\r\n- Dominator Tree  可以列出那个线程，以及线程下面的那些对象占用的空间；\r\n- Top consumers  通过图形列出最大的object； \r\n- Leak Suspects  通过MA自动分析泄漏的原因。\r\n\r\n上面MAT已经帮我们分析出了问题，点进去会发现是 ArrayList 的问题\r\n\r\n![](http://47.93.123.42:80/upload/images/20200717/1594992086587_771.png)\r\n\r\n往下翻会发现已经帮我们定位了错误的代码行数\r\n\r\n![](http://47.93.123.42:80/upload/images/20200717/1594992073328_324.png)\r\n\r\n## 总结\r\n\r\n通过内存映像工具（例如Eclipse Memory Analyzer)对dump出来的堆转储快照进行分析，重点是确认内存中的对象是否必要，也要弄清是出现了内存泄漏还是内存溢出。\r\n如果是内存泄漏，可进一步通过工具查看泄露对象到GC ROOT的引用链信息，定位出泄露代码的位置。\r\n如果不存在泄漏，就要调整虚拟机的堆参数（-Xmx与-Xms），然后从代码上检查是否存在某些对象生命周期过长，持有状态时间过长的情况。\r\n---《深入理解JVM：JVM一般特性和不错实践》\r\n\r\n', 'http://47.93.123.42:80/upload/images/20200717/1594994061069_257.jpg', 1, 23, 1, 0, 1, 0, 1, 1, 1, 0, '2020-07-17 13:21:58', '2020-07-17 13:57:32', 3, 1, 'OOM的分析过程。', '15,18,19');
INSERT INTO `t_blog` VALUES (18, '勇敢的心', '\r\n', '', 1, 0, 1, 1, 1, 1, 1, 1, 1, 1, '2020-07-31 02:20:49', '2020-08-02 14:46:24', 35, 1, '', '11,14,16,17');
INSERT INTO `t_blog` VALUES (19, '2312', '\r\n', '3123', 1, 2, 1, 1, 1, 1, 1, 1, 1, 1, '2020-07-31 23:37:50', '2020-08-02 14:46:38', 3, 1, '', '11,13,15,16');
INSERT INTO `t_blog` VALUES (20, '31231', NULL, '312331', 1, 0, 1, 1, 0, 1, 1, 0, 1, 1, '2020-08-01 14:12:25', '2020-08-01 14:12:25', 3, 1, '31231', '14');
INSERT INTO `t_blog` VALUES (21, '12312', '\r\n', '312312', 1, 0, 1, 1, 1, 1, 1, 1, 1, 1, '2020-08-01 14:13:35', '2020-08-01 16:36:14', 3, 1, '123', '13');
INSERT INTO `t_blog` VALUES (22, '一枝荔枝出墙来', '21312312123\r\n', '3123123', 1, 5, 1, 1, 0, 1, 1, 1, 1, 1, '2020-08-01 14:14:34', '2020-08-01 14:14:34', 3, 1, '31231', '14');
INSERT INTO `t_blog` VALUES (23, '教程', '```\r\n{\r\n  \"title\": { \"text\": \"最近 30 天\" },\r\n  \"tooltip\": { \"trigger\": \"axis\", \"axisPointer\": { \"lineStyle\": { \"width\": 0 } } },\r\n  \"legend\": { \"data\": [\"帖子\", \"用户\", \"回帖\"] },\r\n  \"xAxis\": [{\r\n      \"type\": \"category\",\r\n      \"boundaryGap\": false,\r\n      \"data\": [\"2019-05-08\",\"2019-05-09\",\"2019-05-10\",\"2019-05-11\",\"2019-05-12\",\"2019-05-13\",\"2019-05-14\",\"2019-05-15\",\"2019-05-16\",\"2019-05-17\",\"2019-05-18\",\"2019-05-19\",\"2019-05-20\",\"2019-05-21\",\"2019-05-22\",\"2019-05-23\",\"2019-05-24\",\"2019-05-25\",\"2019-05-26\",\"2019-05-27\",\"2019-05-28\",\"2019-05-29\",\"2019-05-30\",\"2019-05-31\",\"2019-06-01\",\"2019-06-02\",\"2019-06-03\",\"2019-06-04\",\"2019-06-05\",\"2019-06-06\",\"2019-06-07\"],\r\n      \"axisTick\": { \"show\": false },\r\n      \"axisLine\": { \"show\": false }\r\n  }],\r\n  \"yAxis\": [{ \"type\": \"value\", \"axisTick\": { \"show\": false }, \"axisLine\": { \"show\": false }, \"splitLine\": { \"lineStyle\": { \"color\": \"rgba(0, 0, 0, .38)\", \"type\": \"dashed\" } } }],\r\n  \"series\": [\r\n    {\r\n      \"name\": \"帖子\", \"type\": \"line\", \"smooth\": true, \"itemStyle\": { \"color\": \"#d23f31\" }, \"areaStyle\": { \"normal\": {} }, \"z\": 3,\r\n      \"data\": [\"18\",\"14\",\"22\",\"9\",\"7\",\"18\",\"10\",\"12\",\"13\",\"16\",\"6\",\"9\",\"15\",\"15\",\"12\",\"15\",\"8\",\"14\",\"9\",\"10\",\"29\",\"22\",\"14\",\"22\",\"9\",\"10\",\"15\",\"9\",\"9\",\"15\",\"0\"]\r\n    },\r\n    {\r\n      \"name\": \"用户\", \"type\": \"line\", \"smooth\": true, \"itemStyle\": { \"color\": \"#f1e05a\" }, \"areaStyle\": { \"normal\": {} }, \"z\": 2,\r\n      \"data\": [\"31\",\"33\",\"30\",\"23\",\"16\",\"29\",\"23\",\"37\",\"41\",\"29\",\"16\",\"13\",\"39\",\"23\",\"38\",\"136\",\"89\",\"35\",\"22\",\"50\",\"57\",\"47\",\"36\",\"59\",\"14\",\"23\",\"46\",\"44\",\"51\",\"43\",\"0\"]\r\n    },\r\n    {\r\n      \"name\": \"回帖\", \"type\": \"line\", \"smooth\": true, \"itemStyle\": { \"color\": \"#4285f4\" }, \"areaStyle\": { \"normal\": {} }, \"z\": 1,\r\n      \"data\": [\"35\",\"42\",\"73\",\"15\",\"43\",\"58\",\"55\",\"35\",\"46\",\"87\",\"36\",\"15\",\"44\",\"76\",\"130\",\"73\",\"50\",\"20\",\"21\",\"54\",\"48\",\"73\",\"60\",\"89\",\"26\",\"27\",\"70\",\"63\",\"55\",\"37\",\"0\"]\r\n    }\r\n  ]\r\n}\r\n```\r\n\r\n### \r\n\r\n### 脚注\r\n\r\n这里是一个脚注引用1，这里是另一个脚注引用bignote。\r\n\r\n[1]    第一个脚注定义。\r\n\r\n[bignote]    脚注定义可使用多段内容。\r\n\r\n```\r\n缩进对齐的段落包含在这个脚注定义内。\r\n\r\n```\r\n\r\n可以使用代码块。\r\n\r\n```\r\n\r\n还有其他行级排版语法，比如**加粗**和[链接](https://b3log.org)。\r\n```\r\n\r\n```\r\n这里是一个脚注引用[^1]，这里是另一个脚注引用[^bignote]。\r\n[^1]: 第一个脚注定义。\r\n[^bignote]: 脚注定义可使用多段内容。\r\n\r\n    缩进对齐的段落包含在这个脚注定义内。\r\n\r\n```\r\n\r\n```\r\n可以使用代码块。\r\n```\r\n\r\n还有其他行级排版语法，比如**加粗**和[链接](https://b3log.org)。\r\n\r\n```\r\n\r\n```\r\n\r\n## 快捷键\r\n\r\n我们的编辑器支持很多快捷键，具体请参考 [键盘快捷键](https://hacpai.com/article/1582778815353)\r\n\r\n```\r\n\r\n![](http://localhost/upload/images/20200801/1596221929740_648.png)\r\n```\r\n', 'content', 1, 1, 1, 1, 1, 1, 1, 1, 1, 1, '2020-08-01 15:27:45', '2020-08-01 16:33:24', 3, 1, 'dasdasd', '11,14');
INSERT INTO `t_blog` VALUES (56, '312312', '132132\r\n', 'https://www.zealx.top/upload/images/20200713/1594660266527_183.jpg', 1, 2, 1, 1, 1, 1, 1, 1, 1, 1, '2020-08-02 12:57:17', '2020-08-02 14:29:37', 35, 1, '6666', '14,16');
INSERT INTO `t_blog` VALUES (57, '321312', '123132\r\n', 'https://www.zealx.top/upload/images/20200713/1594660266527_183.jpg', 0, 7, 1, 1, 1, 1, 1, 1, 1, 1, '2020-08-02 13:00:07', '2020-08-02 13:00:07', 34, 1, '56465', '11,14,15,16');
INSERT INTO `t_blog` VALUES (58, '123123', '222\r\n', 'https://www.zealx.top/upload/images/20200713/1594660266527_183.jpg', 1, 6, 1, 1, 1, 1, 1, 1, 1, 1, '2020-08-02 13:09:52', '2020-08-02 13:09:52', 3, 1, '222', '13,14,15');

-- ----------------------------
-- Table structure for t_blog_tags
-- ----------------------------
DROP TABLE IF EXISTS `t_blog_tags`;
CREATE TABLE `t_blog_tags`  (
  `id` int(11) NOT NULL AUTO_INCREMENT,
  `tag_id` bigint(20) NOT NULL,
  `blog_id` varchar(255) CHARACTER SET utf8 COLLATE utf8_general_ci NOT NULL,
  PRIMARY KEY (`id`) USING BTREE
) ENGINE = InnoDB AUTO_INCREMENT = 241 CHARACTER SET = utf8 COLLATE = utf8_general_ci ROW_FORMAT = Dynamic;

-- ----------------------------
-- Records of t_blog_tags
-- ----------------------------
INSERT INTO `t_blog_tags` VALUES (125, 13, '1');
INSERT INTO `t_blog_tags` VALUES (129, 13, '4');
INSERT INTO `t_blog_tags` VALUES (130, 15, '4');
INSERT INTO `t_blog_tags` VALUES (131, 16, '4');
INSERT INTO `t_blog_tags` VALUES (147, 15, '5');
INSERT INTO `t_blog_tags` VALUES (148, 18, '5');
INSERT INTO `t_blog_tags` VALUES (149, 19, '5');
INSERT INTO `t_blog_tags` VALUES (152, 17, '3');
INSERT INTO `t_blog_tags` VALUES (184, 16, '2');
INSERT INTO `t_blog_tags` VALUES (187, 14, '20');
INSERT INTO `t_blog_tags` VALUES (189, 14, '22');
INSERT INTO `t_blog_tags` VALUES (192, 11, '23');
INSERT INTO `t_blog_tags` VALUES (193, 14, '23');
INSERT INTO `t_blog_tags` VALUES (194, 13, '21');
INSERT INTO `t_blog_tags` VALUES (222, 11, '57');
INSERT INTO `t_blog_tags` VALUES (223, 14, '57');
INSERT INTO `t_blog_tags` VALUES (224, 15, '57');
INSERT INTO `t_blog_tags` VALUES (225, 16, '57');
INSERT INTO `t_blog_tags` VALUES (226, 13, '58');
INSERT INTO `t_blog_tags` VALUES (227, 14, '58');
INSERT INTO `t_blog_tags` VALUES (228, 15, '58');
INSERT INTO `t_blog_tags` VALUES (229, 14, '56');
INSERT INTO `t_blog_tags` VALUES (230, 16, '56');
INSERT INTO `t_blog_tags` VALUES (233, 11, '18');
INSERT INTO `t_blog_tags` VALUES (234, 14, '18');
INSERT INTO `t_blog_tags` VALUES (235, 16, '18');
INSERT INTO `t_blog_tags` VALUES (236, 17, '18');
INSERT INTO `t_blog_tags` VALUES (237, 11, '19');
INSERT INTO `t_blog_tags` VALUES (238, 13, '19');
INSERT INTO `t_blog_tags` VALUES (239, 15, '19');
INSERT INTO `t_blog_tags` VALUES (240, 16, '19');

-- ----------------------------
-- Table structure for t_link
-- ----------------------------
DROP TABLE IF EXISTS `t_link`;
CREATE TABLE `t_link`  (
  `id` int(11) NOT NULL AUTO_INCREMENT COMMENT 'id',
  `link_name` varchar(50) CHARACTER SET utf8 COLLATE utf8_general_ci NOT NULL COMMENT '网站名称',
  `link_url` varchar(100) CHARACTER SET utf8 COLLATE utf8_general_ci NOT NULL COMMENT '网站链接',
  `link_rank` int(11) NOT NULL DEFAULT 0 COMMENT '排序',
  `is_deleted` int(2) NOT NULL DEFAULT 0 COMMENT '是否删除',
  `create_time` datetime(0) NOT NULL DEFAULT CURRENT_TIMESTAMP(0) COMMENT '添加时间',
  `update_time` datetime(0) NOT NULL COMMENT '更新时间',
  PRIMARY KEY (`id`) USING BTREE
) ENGINE = InnoDB AUTO_INCREMENT = 1 CHARACTER SET = utf8 COLLATE = utf8_general_ci ROW_FORMAT = Dynamic;

-- ----------------------------
-- Table structure for t_syslog
-- ----------------------------
DROP TABLE IF EXISTS `t_syslog`;
CREATE TABLE `t_syslog`  (
  `id` bigint(20) NOT NULL AUTO_INCREMENT COMMENT 'ID',
  `create_by` varchar(255) CHARACTER SET utf8 COLLATE utf8_general_ci NULL DEFAULT NULL COMMENT '创建人用户名',
  `create_time` datetime(0) NULL DEFAULT NULL COMMENT '创建时间',
  `update_by` varchar(255) CHARACTER SET utf8 COLLATE utf8_general_ci NULL DEFAULT NULL COMMENT '更新人',
  `update_time` datetime(0) NULL DEFAULT NULL COMMENT '更新时间',
  `cost_time` int(11) NULL DEFAULT NULL COMMENT '花费时间',
  `ip` varchar(255) CHARACTER SET utf8 COLLATE utf8_general_ci NULL DEFAULT NULL COMMENT 'ip',
  `name` varchar(255) CHARACTER SET utf8 COLLATE utf8_general_ci NULL DEFAULT NULL COMMENT '方法操作名称',
  `request_param` longtext CHARACTER SET utf8 COLLATE utf8_general_ci NULL COMMENT '请求参数',
  `request_type` varchar(255) CHARACTER SET utf8 COLLATE utf8_general_ci NULL DEFAULT NULL COMMENT '请求类型',
  `request_url` varchar(255) CHARACTER SET utf8 COLLATE utf8_general_ci NULL DEFAULT NULL COMMENT '请求路径',
  `username` varchar(255) CHARACTER SET utf8 COLLATE utf8_general_ci NULL DEFAULT NULL COMMENT '请求用户',
  PRIMARY KEY (`id`) USING BTREE
) ENGINE = InnoDB AUTO_INCREMENT = 707 CHARACTER SET = utf8 COLLATE = utf8_general_ci ROW_FORMAT = Dynamic;

-- ----------------------------
-- Records of t_syslog
-- ----------------------------
INSERT INTO `t_syslog` VALUES (27, 'system', '2020-04-07 13:51:38', 'system', '2020-04-07 13:51:38', 117, '127.0.0.1', '后台友链添加', '{\"isDeleted\":\"1\",\"linkUrl\":\"\",\"linkName\":\"\"}', 'POST', '/admin/applyLink', 'admin');
INSERT INTO `t_syslog` VALUES (28, 'system', '2020-04-07 13:53:52', 'system', '2020-04-07 13:53:52', 6, '127.0.0.1', '后台友链添加', '{\"isDeleted\":\"1\",\"linkUrl\":\"\",\"linkName\":\"\"}', 'POST', '/admin/applyLink', 'admin');
INSERT INTO `t_syslog` VALUES (29, 'system', '2020-04-07 14:09:08', 'system', '2020-04-07 14:09:08', 76, '127.0.0.1', '后台友链添加', '{\"isDeleted\":\"1\",\"linkUrl\":\"http://localhost:8080/link\",\"linkName\":\"1231\"}', 'POST', '/admin/applyLink', 'admin');
INSERT INTO `t_syslog` VALUES (30, 'system', '2020-04-07 14:14:30', 'system', '2020-04-07 14:14:30', 12, '127.0.0.1', '后台友链添加', '{\"isDeleted\":\"1\",\"linkUrl\":\"http://localhost:8080/link\",\"linkName\":\"已通过\"}', 'POST', '/admin/applyLink', 'admin');
INSERT INTO `t_syslog` VALUES (31, 'system', '2020-04-07 14:14:38', 'system', '2020-04-07 14:14:38', 7, '127.0.0.1', '后台友链添加', '{\"isDeleted\":\"0\",\"linkUrl\":\"http://localhost:8080/link\",\"linkName\":\"1231\"}', 'POST', '/admin/applyLink', 'admin');
INSERT INTO `t_syslog` VALUES (32, 'system', '2020-04-07 15:26:38', 'system', '2020-04-07 15:26:38', 62, '127.0.0.1', '后台友链添加', '{\"isDeleted\":\"1\",\"linkUrl\":\"http://localhost:8080/link\",\"linkName\":\"1231\"}', 'POST', '/admin/applyLink', 'admin');
INSERT INTO `t_syslog` VALUES (33, 'system', '2020-07-11 00:08:43', 'system', '2020-07-11 00:08:43', 1896, '127.0.0.1', '查看文章', '{}', 'GET', '/blog/1577879724095', 'anonymousUser');
INSERT INTO `t_syslog` VALUES (34, 'system', '2020-07-11 00:09:05', 'system', '2020-07-11 00:09:05', 5, '127.0.0.1', '查看文章', '{}', 'GET', '/blog/1577879724095', 'anonymousUser');
INSERT INTO `t_syslog` VALUES (35, 'system', '2020-07-11 00:09:11', 'system', '2020-07-11 00:09:11', 2, '127.0.0.1', '查看文章', '{}', 'GET', '/blog/1577879724095', 'anonymousUser');
INSERT INTO `t_syslog` VALUES (36, 'system', '2020-07-11 00:10:26', 'system', '2020-07-11 00:10:26', 4, '127.0.0.1', '查看文章', '{}', 'GET', '/blog/1577879724093', 'anonymousUser');
INSERT INTO `t_syslog` VALUES (37, 'system', '2020-07-11 00:10:48', 'system', '2020-07-11 00:10:48', 6, '127.0.0.1', '查看文章', '{}', 'GET', '/blog/1577879724093', 'anonymousUser');
INSERT INTO `t_syslog` VALUES (38, 'system', '2020-07-11 00:12:11', 'system', '2020-07-11 00:12:11', 3, '127.0.0.1', '查看文章', '{}', 'GET', '/blog/1577879724093', 'anonymousUser');
INSERT INTO `t_syslog` VALUES (39, 'system', '2020-07-11 00:12:35', 'system', '2020-07-11 00:12:35', 9, '127.0.0.1', '查看文章', '{}', 'GET', '/blog/1577879724095', 'anonymousUser');
INSERT INTO `t_syslog` VALUES (40, 'system', '2020-07-11 00:15:05', 'system', '2020-07-11 00:15:05', 50, '127.0.0.1', '查看文章', '{}', 'GET', '/blog/1577879724096', 'admin');
INSERT INTO `t_syslog` VALUES (41, 'system', '2020-07-11 00:15:34', 'system', '2020-07-11 00:15:34', 4, '127.0.0.1', '查看文章', '{}', 'GET', '/blog/1577879724096', 'admin');
INSERT INTO `t_syslog` VALUES (42, 'system', '2020-07-11 00:17:57', 'system', '2020-07-11 00:17:57', 3, '127.0.0.1', '查看文章', '{}', 'GET', '/blog/1577879724096', 'admin');
INSERT INTO `t_syslog` VALUES (43, 'system', '2020-07-11 00:23:44', 'system', '2020-07-11 00:23:44', 4, '127.0.0.1', '查看文章', '{}', 'GET', '/blog/1577879724096', 'admin');
INSERT INTO `t_syslog` VALUES (44, 'system', '2020-07-11 00:24:51', 'system', '2020-07-11 00:24:51', 3, '127.0.0.1', '查看文章', '{}', 'GET', '/blog/1577879724096', 'admin');
INSERT INTO `t_syslog` VALUES (45, 'system', '2020-07-11 00:25:09', 'system', '2020-07-11 00:25:09', 2, '127.0.0.1', '查看文章', '{}', 'GET', '/blog/1577879724096', 'admin');
INSERT INTO `t_syslog` VALUES (46, 'system', '2020-07-11 00:25:48', 'system', '2020-07-11 00:25:48', 3, '127.0.0.1', '查看文章', '{}', 'GET', '/blog/1577879724096', 'admin');
INSERT INTO `t_syslog` VALUES (47, 'system', '2020-07-11 00:25:59', 'system', '2020-07-11 00:25:59', 3, '127.0.0.1', '查看文章', '{}', 'GET', '/blog/1577879724093', 'admin');
INSERT INTO `t_syslog` VALUES (48, 'system', '2020-07-11 00:27:09', 'system', '2020-07-11 00:27:09', 6, '127.0.0.1', '查看文章', '{}', 'GET', '/blog/1577879724095', 'admin');
INSERT INTO `t_syslog` VALUES (49, 'system', '2020-07-11 00:28:44', 'system', '2020-07-11 00:28:44', 5, '127.0.0.1', '查看文章', '{}', 'GET', '/blog/1577879724093', 'admin');
INSERT INTO `t_syslog` VALUES (50, 'system', '2020-07-11 00:28:50', 'system', '2020-07-11 00:28:50', 3, '127.0.0.1', '查看文章', '{}', 'GET', '/blog/1577879724096', 'admin');
INSERT INTO `t_syslog` VALUES (51, 'system', '2020-07-11 00:29:26', 'system', '2020-07-11 00:29:26', 6, '127.0.0.1', '查看文章', '{}', 'GET', '/blog/1577879724096', 'admin');
INSERT INTO `t_syslog` VALUES (52, 'system', '2020-07-11 00:29:38', 'system', '2020-07-11 00:29:38', 2, '127.0.0.1', '查看文章', '{}', 'GET', '/blog/1577879724096', 'admin');
INSERT INTO `t_syslog` VALUES (53, 'system', '2020-07-11 00:29:44', 'system', '2020-07-11 00:29:44', 3, '127.0.0.1', '查看文章', '{}', 'GET', '/blog/1577879724096', 'admin');
INSERT INTO `t_syslog` VALUES (54, 'system', '2020-07-11 00:30:09', 'system', '2020-07-11 00:30:09', 5, '127.0.0.1', '查看文章', '{}', 'GET', '/blog/1577879724096', 'admin');
INSERT INTO `t_syslog` VALUES (55, 'system', '2020-07-11 00:31:34', 'system', '2020-07-11 00:31:34', 4, '127.0.0.1', '查看文章', '{}', 'GET', '/blog/1577879724096', 'admin');
INSERT INTO `t_syslog` VALUES (56, 'system', '2020-07-11 00:31:51', 'system', '2020-07-11 00:31:51', 2, '127.0.0.1', '查看文章', '{}', 'GET', '/blog/1577879724096', 'admin');
INSERT INTO `t_syslog` VALUES (57, 'system', '2020-07-11 00:31:59', 'system', '2020-07-11 00:31:59', 3, '127.0.0.1', '查看文章', '{}', 'GET', '/blog/1577879724096', 'admin');
INSERT INTO `t_syslog` VALUES (58, 'system', '2020-07-11 00:32:09', 'system', '2020-07-11 00:32:09', 3, '127.0.0.1', '查看文章', '{}', 'GET', '/blog/1577879724096', 'admin');
INSERT INTO `t_syslog` VALUES (59, 'system', '2020-07-11 00:34:12', 'system', '2020-07-11 00:34:12', 3, '127.0.0.1', '查看文章', '{}', 'GET', '/blog/1577879724096', 'admin');
INSERT INTO `t_syslog` VALUES (60, 'system', '2020-07-11 00:35:07', 'system', '2020-07-11 00:35:07', 4, '127.0.0.1', '查看文章', '{}', 'GET', '/blog/1577879724096', 'admin');
INSERT INTO `t_syslog` VALUES (61, 'system', '2020-07-11 00:35:15', 'system', '2020-07-11 00:35:15', 4, '127.0.0.1', '查看文章', '{}', 'GET', '/blog/1577879724096', 'admin');
INSERT INTO `t_syslog` VALUES (62, 'system', '2020-07-11 00:35:38', 'system', '2020-07-11 00:35:38', 3, '127.0.0.1', '查看文章', '{}', 'GET', '/blog/1577879724096', 'admin');
INSERT INTO `t_syslog` VALUES (63, 'system', '2020-07-11 00:36:41', 'system', '2020-07-11 00:36:41', 5, '127.0.0.1', '查看文章', '{}', 'GET', '/blog/1577879724096', 'admin');
INSERT INTO `t_syslog` VALUES (64, 'system', '2020-07-11 00:37:06', 'system', '2020-07-11 00:37:06', 3, '127.0.0.1', '查看文章', '{}', 'GET', '/blog/1577879724096', 'admin');
INSERT INTO `t_syslog` VALUES (65, 'system', '2020-07-11 00:37:42', 'system', '2020-07-11 00:37:42', 4, '127.0.0.1', '查看文章', '{}', 'GET', '/blog/1577879724096', 'admin');
INSERT INTO `t_syslog` VALUES (66, 'system', '2020-07-11 00:37:47', 'system', '2020-07-11 00:37:47', 2, '127.0.0.1', '查看文章', '{}', 'GET', '/blog/1577879724096', 'admin');
INSERT INTO `t_syslog` VALUES (67, 'system', '2020-07-11 00:37:56', 'system', '2020-07-11 00:37:56', 2, '127.0.0.1', '查看文章', '{}', 'GET', '/blog/1577879724096', 'admin');
INSERT INTO `t_syslog` VALUES (68, 'system', '2020-07-11 00:39:03', 'system', '2020-07-11 00:39:03', 3, '127.0.0.1', '查看文章', '{}', 'GET', '/blog/1577879724096', 'admin');
INSERT INTO `t_syslog` VALUES (69, 'system', '2020-07-11 00:39:13', 'system', '2020-07-11 00:39:13', 4, '127.0.0.1', '查看文章', '{}', 'GET', '/blog/1577879724096', 'admin');
INSERT INTO `t_syslog` VALUES (70, 'system', '2020-07-11 00:39:25', 'system', '2020-07-11 00:39:25', 8, '127.0.0.1', '查看文章', '{}', 'GET', '/blog/1577879724096', 'admin');
INSERT INTO `t_syslog` VALUES (71, 'system', '2020-07-11 00:40:11', 'system', '2020-07-11 00:40:11', 5, '127.0.0.1', '查看文章', '{}', 'GET', '/blog/1577879724096', 'admin');
INSERT INTO `t_syslog` VALUES (72, 'system', '2020-07-11 00:41:03', 'system', '2020-07-11 00:41:03', 3, '127.0.0.1', '查看文章', '{}', 'GET', '/blog/1577879724096', 'admin');
INSERT INTO `t_syslog` VALUES (73, 'system', '2020-07-11 00:41:35', 'system', '2020-07-11 00:41:35', 5, '127.0.0.1', '查看文章', '{}', 'GET', '/blog/1577879724096', 'admin');
INSERT INTO `t_syslog` VALUES (74, 'system', '2020-07-11 00:41:39', 'system', '2020-07-11 00:41:39', 3, '127.0.0.1', '查看文章', '{}', 'GET', '/blog/1577879724096', 'admin');
INSERT INTO `t_syslog` VALUES (75, 'system', '2020-07-11 00:41:56', 'system', '2020-07-11 00:41:56', 4, '127.0.0.1', '查看文章', '{}', 'GET', '/blog/1577879724095', 'admin');
INSERT INTO `t_syslog` VALUES (76, 'system', '2020-07-11 00:42:47', 'system', '2020-07-11 00:42:47', 7, '127.0.0.1', '查看文章', '{}', 'GET', '/blog/1577879724096', 'admin');
INSERT INTO `t_syslog` VALUES (77, 'system', '2020-07-11 13:15:16', 'system', '2020-07-11 13:15:16', 821, '127.0.0.1', '查看文章', '{}', 'GET', '/blog/1577879724096', 'anonymousUser');
INSERT INTO `t_syslog` VALUES (78, 'system', '2020-07-11 13:15:31', 'system', '2020-07-11 13:15:31', 5, '127.0.0.1', '查看文章', '{}', 'GET', '/blog/1577879724096', 'anonymousUser');
INSERT INTO `t_syslog` VALUES (79, 'system', '2020-07-11 13:16:05', 'system', '2020-07-11 13:16:05', 5, '127.0.0.1', '查看文章', '{}', 'GET', '/blog/1577879724096', 'anonymousUser');
INSERT INTO `t_syslog` VALUES (80, 'system', '2020-07-11 13:17:48', 'system', '2020-07-11 13:17:48', 140, '127.0.0.1', '查看文章', '{}', 'GET', '/blog/1577879724096', 'admin');
INSERT INTO `t_syslog` VALUES (81, 'system', '2020-07-11 13:18:01', 'system', '2020-07-11 13:18:01', 3, '127.0.0.1', '查看文章', '{}', 'GET', '/blog/1577879724096', 'admin');
INSERT INTO `t_syslog` VALUES (82, 'system', '2020-07-11 13:18:10', 'system', '2020-07-11 13:18:10', 7, '127.0.0.1', '查看文章', '{}', 'GET', '/blog/1577879724096', 'admin');
INSERT INTO `t_syslog` VALUES (83, 'system', '2020-07-11 13:18:32', 'system', '2020-07-11 13:18:32', 2, '127.0.0.1', '查看文章', '{}', 'GET', '/blog/1577879724096', 'admin');
INSERT INTO `t_syslog` VALUES (84, 'system', '2020-07-11 13:19:25', 'system', '2020-07-11 13:19:25', 4, '127.0.0.1', '查看文章', '{}', 'GET', '/blog/1577879724095', 'admin');
INSERT INTO `t_syslog` VALUES (85, 'system', '2020-07-11 13:34:30', 'system', '2020-07-11 13:34:30', 28, '127.0.0.1', '查看文章', '{}', 'GET', '/blog/1577879724096', 'admin');
INSERT INTO `t_syslog` VALUES (86, 'system', '2020-07-11 13:38:16', 'system', '2020-07-11 13:38:16', 5, '127.0.0.1', '查看文章', '{}', 'GET', '/blog/1577879724096', 'admin');
INSERT INTO `t_syslog` VALUES (87, 'system', '2020-07-11 13:38:20', 'system', '2020-07-11 13:38:20', 5, '127.0.0.1', '查看文章', '{}', 'GET', '/blog/1577879724095', 'admin');
INSERT INTO `t_syslog` VALUES (88, 'system', '2020-07-11 13:38:24', 'system', '2020-07-11 13:38:24', 3, '127.0.0.1', '查看文章', '{}', 'GET', '/blog/1577879724093', 'admin');
INSERT INTO `t_syslog` VALUES (89, 'system', '2020-07-11 13:38:55', 'system', '2020-07-11 13:38:55', 5, '127.0.0.1', '查看文章', '{}', 'GET', '/blog/1577879724095', 'admin');
INSERT INTO `t_syslog` VALUES (90, 'system', '2020-07-11 13:39:48', 'system', '2020-07-11 13:39:48', 5, '127.0.0.1', '查看文章', '{}', 'GET', '/blog/1577879724093', 'admin');
INSERT INTO `t_syslog` VALUES (91, 'system', '2020-07-11 13:40:17', 'system', '2020-07-11 13:40:17', 4, '127.0.0.1', '查看文章', '{}', 'GET', '/blog/1577879724096', 'admin');
INSERT INTO `t_syslog` VALUES (92, 'system', '2020-07-11 13:40:34', 'system', '2020-07-11 13:40:34', 4, '127.0.0.1', '查看文章', '{}', 'GET', '/blog/1577879724096', 'admin');
INSERT INTO `t_syslog` VALUES (93, 'system', '2020-07-11 13:41:48', 'system', '2020-07-11 13:41:48', 5, '127.0.0.1', '查看文章', '{}', 'GET', '/blog/1577879724095', 'admin');
INSERT INTO `t_syslog` VALUES (94, 'system', '2020-07-11 13:42:10', 'system', '2020-07-11 13:42:10', 4, '127.0.0.1', '查看文章', '{}', 'GET', '/blog/1577879724096', 'admin');
INSERT INTO `t_syslog` VALUES (95, 'system', '2020-07-11 13:43:00', 'system', '2020-07-11 13:43:00', 3, '127.0.0.1', '查看文章', '{}', 'GET', '/blog/1577879724093', 'admin');
INSERT INTO `t_syslog` VALUES (96, 'system', '2020-07-11 13:43:20', 'system', '2020-07-11 13:43:20', 66, '127.0.0.1', '查看文章', '{}', 'GET', '/blog/1577879724093', 'admin');
INSERT INTO `t_syslog` VALUES (97, 'system', '2020-07-11 13:44:20', 'system', '2020-07-11 13:44:20', 3, '127.0.0.1', '查看文章', '{}', 'GET', '/blog/1577879724096', 'admin');
INSERT INTO `t_syslog` VALUES (98, 'system', '2020-07-11 13:49:57', 'system', '2020-07-11 13:49:57', 129, '127.0.0.1', '查看文章', '{}', 'GET', '/blog/1577879724093', 'admin');
INSERT INTO `t_syslog` VALUES (99, 'system', '2020-07-11 13:51:11', 'system', '2020-07-11 13:51:11', 6, '127.0.0.1', '查看文章', '{}', 'GET', '/blog/1577879724096', 'admin');
INSERT INTO `t_syslog` VALUES (100, 'system', '2020-07-11 13:53:56', 'system', '2020-07-11 13:53:56', 14, '127.0.0.1', '查看文章', '{}', 'GET', '/blog/1577879724096', 'admin');
INSERT INTO `t_syslog` VALUES (101, 'system', '2020-07-11 13:56:44', 'system', '2020-07-11 13:56:44', 30, '127.0.0.1', '查看文章', '{}', 'GET', '/blog/1577879724096', 'admin');
INSERT INTO `t_syslog` VALUES (102, 'system', '2020-07-11 13:57:40', 'system', '2020-07-11 13:57:40', 42, '127.0.0.1', '查看文章', '{}', 'GET', '/blog/1577879724093', 'admin');
INSERT INTO `t_syslog` VALUES (103, 'system', '2020-07-11 13:58:28', 'system', '2020-07-11 13:58:28', 2, '127.0.0.1', '查看文章', '{}', 'GET', '/blog/1577879724096', 'admin');
INSERT INTO `t_syslog` VALUES (104, 'system', '2020-07-11 13:58:49', 'system', '2020-07-11 13:58:49', 3, '127.0.0.1', '查看文章', '{}', 'GET', '/blog/1577879724096', 'admin');
INSERT INTO `t_syslog` VALUES (105, 'system', '2020-07-11 13:59:05', 'system', '2020-07-11 13:59:05', 3, '127.0.0.1', '查看文章', '{}', 'GET', '/blog/1577879724093', 'admin');
INSERT INTO `t_syslog` VALUES (106, 'system', '2020-07-11 13:59:57', 'system', '2020-07-11 13:59:57', 3, '127.0.0.1', '查看文章', '{}', 'GET', '/blog/1577879724093', 'admin');
INSERT INTO `t_syslog` VALUES (107, 'system', '2020-07-11 13:59:59', 'system', '2020-07-11 13:59:59', 3, '127.0.0.1', '查看文章', '{}', 'GET', '/blog/1577879724093', 'admin');
INSERT INTO `t_syslog` VALUES (108, 'system', '2020-07-11 14:00:03', 'system', '2020-07-11 14:00:03', 2, '127.0.0.1', '查看文章', '{}', 'GET', '/blog/1577879724096', 'admin');
INSERT INTO `t_syslog` VALUES (109, 'system', '2020-07-11 14:00:11', 'system', '2020-07-11 14:00:11', 3, '127.0.0.1', '查看文章', '{}', 'GET', '/blog/1577879724096', 'admin');
INSERT INTO `t_syslog` VALUES (110, 'system', '2020-07-11 14:00:23', 'system', '2020-07-11 14:00:23', 2, '127.0.0.1', '查看文章', '{}', 'GET', '/blog/1577879724096', 'admin');
INSERT INTO `t_syslog` VALUES (111, 'system', '2020-07-11 14:00:33', 'system', '2020-07-11 14:00:33', 3, '127.0.0.1', '查看文章', '{}', 'GET', '/blog/1577879724096', 'admin');
INSERT INTO `t_syslog` VALUES (112, 'system', '2020-07-11 14:00:42', 'system', '2020-07-11 14:00:42', 2, '127.0.0.1', '查看文章', '{}', 'GET', '/blog/1577879724096', 'admin');
INSERT INTO `t_syslog` VALUES (113, 'system', '2020-07-11 14:01:29', 'system', '2020-07-11 14:01:29', 6, '127.0.0.1', '查看文章', '{}', 'GET', '/blog/1577879724093', 'admin');
INSERT INTO `t_syslog` VALUES (114, 'system', '2020-07-11 14:02:27', 'system', '2020-07-11 14:02:27', 2, '127.0.0.1', '查看文章', '{}', 'GET', '/blog/1577879724096', 'admin');
INSERT INTO `t_syslog` VALUES (115, 'system', '2020-07-11 14:03:03', 'system', '2020-07-11 14:03:03', 3, '127.0.0.1', '查看文章', '{}', 'GET', '/blog/1577879724096', 'admin');
INSERT INTO `t_syslog` VALUES (116, 'system', '2020-07-11 14:03:54', 'system', '2020-07-11 14:03:54', 3, '127.0.0.1', '查看文章', '{}', 'GET', '/blog/1577879724096', 'admin');
INSERT INTO `t_syslog` VALUES (117, 'system', '2020-07-11 14:04:34', 'system', '2020-07-11 14:04:34', 3, '127.0.0.1', '查看文章', '{}', 'GET', '/blog/1577879724096', 'admin');
INSERT INTO `t_syslog` VALUES (118, 'system', '2020-07-11 14:05:24', 'system', '2020-07-11 14:05:24', 2, '127.0.0.1', '查看文章', '{}', 'GET', '/blog/1577879724096', 'admin');
INSERT INTO `t_syslog` VALUES (119, 'system', '2020-07-11 14:05:33', 'system', '2020-07-11 14:05:33', 3, '127.0.0.1', '查看文章', '{}', 'GET', '/blog/1577879724093', 'admin');
INSERT INTO `t_syslog` VALUES (120, 'system', '2020-07-11 14:05:48', 'system', '2020-07-11 14:05:48', 2, '127.0.0.1', '查看文章', '{}', 'GET', '/blog/1577879724093', 'admin');
INSERT INTO `t_syslog` VALUES (121, 'system', '2020-07-11 14:07:25', 'system', '2020-07-11 14:07:25', 6, '127.0.0.1', '查看文章', '{}', 'GET', '/blog/1577879724093', 'admin');
INSERT INTO `t_syslog` VALUES (122, 'system', '2020-07-11 14:13:37', 'system', '2020-07-11 14:13:37', 82, '127.0.0.1', '查看文章', '{}', 'GET', '/blog/1577879724093', 'admin');
INSERT INTO `t_syslog` VALUES (123, 'system', '2020-07-11 14:15:55', 'system', '2020-07-11 14:15:55', 34, '127.0.0.1', '查看文章', '{}', 'GET', '/blog/1577879724093', 'admin');
INSERT INTO `t_syslog` VALUES (124, 'system', '2020-07-11 14:18:43', 'system', '2020-07-11 14:18:43', 40, '127.0.0.1', '查看文章', '{}', 'GET', '/blog/1577879724093', 'admin');
INSERT INTO `t_syslog` VALUES (125, 'system', '2020-07-11 14:22:48', 'system', '2020-07-11 14:22:48', 35, '127.0.0.1', '查看文章', '{}', 'GET', '/blog/1577879724096', 'admin');
INSERT INTO `t_syslog` VALUES (126, 'system', '2020-07-11 14:23:09', 'system', '2020-07-11 14:23:09', 116, '127.0.0.1', '查看文章', '{}', 'GET', '/blog/1577879724093', 'admin');
INSERT INTO `t_syslog` VALUES (127, 'system', '2020-07-11 14:23:54', 'system', '2020-07-11 14:23:54', 41, '127.0.0.1', '查看文章', '{}', 'GET', '/blog/1577879724093', 'admin');
INSERT INTO `t_syslog` VALUES (128, 'system', '2020-07-11 14:24:08', 'system', '2020-07-11 14:24:08', 21, '127.0.0.1', '查看文章', '{}', 'GET', '/blog/1577879724093', 'admin');
INSERT INTO `t_syslog` VALUES (129, 'system', '2020-07-11 14:24:29', 'system', '2020-07-11 14:24:29', 3, '127.0.0.1', '查看文章', '{}', 'GET', '/blog/1577879724093', 'admin');
INSERT INTO `t_syslog` VALUES (130, 'system', '2020-07-11 14:24:39', 'system', '2020-07-11 14:24:39', 2, '127.0.0.1', '查看文章', '{}', 'GET', '/blog/1577879724095', 'admin');
INSERT INTO `t_syslog` VALUES (131, 'system', '2020-07-11 14:26:34', 'system', '2020-07-11 14:26:34', 13, '127.0.0.1', '查看文章', '{}', 'GET', '/blog/1577879724093', 'admin');
INSERT INTO `t_syslog` VALUES (132, 'system', '2020-07-11 14:27:17', 'system', '2020-07-11 14:27:17', 16, '127.0.0.1', '查看文章', '{}', 'GET', '/blog/1577879724093', 'admin');
INSERT INTO `t_syslog` VALUES (133, 'system', '2020-07-11 14:27:37', 'system', '2020-07-11 14:27:37', 4, '127.0.0.1', '查看文章', '{}', 'GET', '/blog/1577879724095', 'admin');
INSERT INTO `t_syslog` VALUES (134, 'system', '2020-07-11 14:29:27', 'system', '2020-07-11 14:29:27', 3, '127.0.0.1', '查看文章', '{}', 'GET', '/blog/1577879724093', 'admin');
INSERT INTO `t_syslog` VALUES (135, 'system', '2020-07-11 14:30:43', 'system', '2020-07-11 14:30:43', 2, '127.0.0.1', '查看文章', '{}', 'GET', '/blog/1577879724096', 'admin');
INSERT INTO `t_syslog` VALUES (136, 'system', '2020-07-11 14:30:53', 'system', '2020-07-11 14:30:53', 2, '127.0.0.1', '查看文章', '{}', 'GET', '/blog/1577879724096', 'admin');
INSERT INTO `t_syslog` VALUES (137, 'system', '2020-07-11 14:33:25', 'system', '2020-07-11 14:33:25', 15, '127.0.0.1', '查看文章', '{}', 'GET', '/blog/1577879724096', 'admin');
INSERT INTO `t_syslog` VALUES (138, 'system', '2020-07-11 14:34:56', 'system', '2020-07-11 14:34:56', 3, '127.0.0.1', '查看文章', '{}', 'GET', '/blog/1577879724096', 'admin');
INSERT INTO `t_syslog` VALUES (139, 'system', '2020-07-11 14:40:37', 'system', '2020-07-11 14:40:37', 3, '127.0.0.1', '查看文章', '{}', 'GET', '/blog/1577879724096', 'admin');
INSERT INTO `t_syslog` VALUES (140, 'system', '2020-07-11 16:08:49', 'system', '2020-07-11 16:08:49', 169, '127.0.0.1', '查看文章', '{}', 'GET', '/blog/1577879724096', 'anonymousUser');
INSERT INTO `t_syslog` VALUES (141, 'system', '2020-07-11 16:10:01', 'system', '2020-07-11 16:10:01', 5, '127.0.0.1', '查看文章', '{}', 'GET', '/blog/1577879724096', 'anonymousUser');
INSERT INTO `t_syslog` VALUES (142, 'system', '2020-07-11 16:10:40', 'system', '2020-07-11 16:10:40', 4, '127.0.0.1', '查看文章', '{}', 'GET', '/blog/1577879724096', 'anonymousUser');
INSERT INTO `t_syslog` VALUES (143, 'system', '2020-07-11 16:27:43', 'system', '2020-07-11 16:27:43', 164, '127.0.0.1', '查看文章', '{}', 'GET', '/blog/1577879724096', 'anonymousUser');
INSERT INTO `t_syslog` VALUES (144, 'system', '2020-07-11 20:39:08', 'system', '2020-07-11 20:39:08', 139, '127.0.0.1', '查看文章', '{}', 'GET', '/blog/1577879724096', 'anonymousUser');
INSERT INTO `t_syslog` VALUES (145, 'system', '2020-07-11 20:39:56', 'system', '2020-07-11 20:39:56', 4, '127.0.0.1', '查看文章', '{}', 'GET', '/blog/1577879724095', 'anonymousUser');
INSERT INTO `t_syslog` VALUES (146, 'system', '2020-07-11 20:42:24', 'system', '2020-07-11 20:42:24', 3, '127.0.0.1', '查看文章', '{}', 'GET', '/blog/1577879724095', 'anonymousUser');
INSERT INTO `t_syslog` VALUES (147, 'system', '2020-07-11 20:48:17', 'system', '2020-07-11 20:48:17', 9, '127.0.0.1', '查看文章', '{}', 'GET', '/blog/1577879724093', 'anonymousUser');
INSERT INTO `t_syslog` VALUES (148, 'system', '2020-07-11 20:48:17', 'system', '2020-07-11 20:48:17', 2, '127.0.0.1', '查看文章', '{}', 'GET', '/blog/1577879724093', 'anonymousUser');
INSERT INTO `t_syslog` VALUES (149, 'system', '2020-07-11 23:16:58', 'system', '2020-07-11 23:16:58', 16, '127.0.0.1', '查看文章', '{}', 'GET', '/blog/1577879724095', 'anonymousUser');
INSERT INTO `t_syslog` VALUES (150, 'system', '2020-07-11 23:19:56', 'system', '2020-07-11 23:19:56', 3, '127.0.0.1', '查看文章', '{}', 'GET', '/blog/1577879724095', 'anonymousUser');
INSERT INTO `t_syslog` VALUES (151, 'system', '2020-07-12 00:27:29', 'system', '2020-07-12 00:27:29', 147, '127.0.0.1', '查看文章', '{}', 'GET', '/blog/1577879724096', 'anonymousUser');
INSERT INTO `t_syslog` VALUES (152, 'system', '2020-07-12 00:41:32', 'system', '2020-07-12 00:41:32', 70, '127.0.0.1', '查看文章', '{}', 'GET', '/blog/1577879724096', 'anonymousUser');
INSERT INTO `t_syslog` VALUES (153, 'system', '2020-07-12 00:41:51', 'system', '2020-07-12 00:41:51', 3, '127.0.0.1', '查看文章', '{}', 'GET', '/blog/1577879724096', 'anonymousUser');
INSERT INTO `t_syslog` VALUES (154, 'system', '2020-07-12 00:43:11', 'system', '2020-07-12 00:43:11', 8, '127.0.0.1', '查看文章', '{}', 'GET', '/blog/1577879724096', 'admin');
INSERT INTO `t_syslog` VALUES (155, 'system', '2020-07-12 01:13:13', 'system', '2020-07-12 01:13:13', 2222, '127.0.0.1', '查看文章', '{}', 'GET', '/blog/1577879724096', 'admin');
INSERT INTO `t_syslog` VALUES (156, 'system', '2020-07-12 01:31:06', 'system', '2020-07-12 01:31:06', 1495, '127.0.0.1', '查看文章', '{}', 'GET', '/blog/1577879724097', 'admin');
INSERT INTO `t_syslog` VALUES (157, 'system', '2020-07-12 01:34:09', 'system', '2020-07-12 01:34:09', 20, '127.0.0.1', '查看文章', '{}', 'GET', '/blog/1577879724097', 'admin');
INSERT INTO `t_syslog` VALUES (158, 'system', '2020-07-12 01:35:00', 'system', '2020-07-12 01:35:00', 12, '127.0.0.1', '查看文章', '{}', 'GET', '/blog/1577879724097', 'admin');
INSERT INTO `t_syslog` VALUES (159, 'system', '2020-07-12 14:37:40', 'system', '2020-07-12 14:37:40', 1649, '127.0.0.1', '查看文章', '{}', 'GET', '/blog/1577879724097', 'anonymousUser');
INSERT INTO `t_syslog` VALUES (160, 'system', '2020-07-12 14:38:31', 'system', '2020-07-12 14:38:31', 4, '127.0.0.1', '查看文章', '{}', 'GET', '/blog/1577879724097', 'anonymousUser');
INSERT INTO `t_syslog` VALUES (161, 'system', '2020-07-12 14:38:38', 'system', '2020-07-12 14:38:38', 3, '127.0.0.1', '查看文章', '{}', 'GET', '/blog/1577879724097', 'anonymousUser');
INSERT INTO `t_syslog` VALUES (162, 'system', '2020-07-12 15:30:24', 'system', '2020-07-12 15:30:24', 60, '127.0.0.1', '查看文章', '{}', 'GET', '/blog/1577879724097', 'admin');
INSERT INTO `t_syslog` VALUES (163, 'system', '2020-07-12 15:30:30', 'system', '2020-07-12 15:30:30', 3, '127.0.0.1', '查看文章', '{}', 'GET', '/blog/1577879724097', 'admin');
INSERT INTO `t_syslog` VALUES (164, 'system', '2020-07-12 15:35:04', 'system', '2020-07-12 15:35:04', 205, '127.0.0.1', '查看文章', '{}', 'GET', '/blog/1577879724097', 'admin');
INSERT INTO `t_syslog` VALUES (165, 'system', '2020-07-12 15:48:04', 'system', '2020-07-12 15:48:04', 135, '127.0.0.1', '查看文章', '{}', 'GET', '/blog/1577879724098', 'admin');
INSERT INTO `t_syslog` VALUES (166, 'system', '2020-07-12 15:49:27', 'system', '2020-07-12 15:49:27', 12, '127.0.0.1', '查看文章', '{}', 'GET', '/blog/1577879724098', 'admin');
INSERT INTO `t_syslog` VALUES (167, 'system', '2020-07-12 15:51:07', 'system', '2020-07-12 15:51:07', 11, '127.0.0.1', '查看文章', '{}', 'GET', '/blog/1577879724098', 'admin');
INSERT INTO `t_syslog` VALUES (168, 'system', '2020-07-12 22:09:40', 'system', '2020-07-12 22:09:40', 118, '127.0.0.1', '查看文章', '{}', 'GET', '/blog/1577879724093', 'anonymousUser');
INSERT INTO `t_syslog` VALUES (169, 'system', '2020-07-12 22:20:25', 'system', '2020-07-12 22:20:25', 89, '127.0.0.1', '查看文章', '{}', 'GET', '/blog/1577879724093', 'anonymousUser');
INSERT INTO `t_syslog` VALUES (170, 'system', '2020-07-12 22:35:26', 'system', '2020-07-12 22:35:26', 7, '127.0.0.1', '查看文章', '{}', 'GET', '/blog/1577879724093', 'anonymousUser');
INSERT INTO `t_syslog` VALUES (171, 'system', '2020-07-12 22:38:31', 'system', '2020-07-12 22:38:31', 9, '127.0.0.1', '查看文章', '{}', 'GET', '/blog/1577879724093', 'anonymousUser');
INSERT INTO `t_syslog` VALUES (172, 'system', '2020-07-12 23:21:45', 'system', '2020-07-12 23:21:45', 3037, '127.0.0.1', '查看文章', '{}', 'GET', '/blog/1577879724093', 'anonymousUser');
INSERT INTO `t_syslog` VALUES (173, 'system', '2020-07-13 11:24:10', 'system', '2020-07-13 11:24:10', 454, '113.2.155.17', '查看文章', '{}', 'GET', '/blog/1577879724093', 'anonymousUser');
INSERT INTO `t_syslog` VALUES (174, 'system', '2020-07-13 11:26:00', 'system', '2020-07-13 11:26:00', 7, '113.2.155.17', '查看文章', '{}', 'GET', '/blog/1577879724093', '故事');
INSERT INTO `t_syslog` VALUES (175, 'system', '2020-07-13 11:28:45', 'system', '2020-07-13 11:28:45', 4, '113.2.155.17', '查看文章', '{}', 'GET', '/blog/1577879724095', '故事');
INSERT INTO `t_syslog` VALUES (176, 'system', '2020-07-13 11:33:11', 'system', '2020-07-13 11:33:11', 5, '113.2.155.17', '查看文章', '{}', 'GET', '/blog/1577879724098', '故事');
INSERT INTO `t_syslog` VALUES (177, 'system', '2020-07-13 12:40:01', 'system', '2020-07-13 12:40:01', 396, '202.182.113.219', '查看文章', '{}', 'GET', '/blog/1577879724098', 'anonymousUser');
INSERT INTO `t_syslog` VALUES (178, 'system', '2020-07-13 12:40:07', 'system', '2020-07-13 12:40:07', 8, '202.182.113.219', '查看文章', '{}', 'GET', '/blog/1577879724093', 'anonymousUser');
INSERT INTO `t_syslog` VALUES (179, 'system', '2020-07-13 17:13:06', 'system', '2020-07-13 17:13:06', 561, '113.2.155.17', '查看文章', '{}', 'GET', '/blog/1577879724099', '故事');
INSERT INTO `t_syslog` VALUES (180, 'system', '2020-07-13 17:14:39', 'system', '2020-07-13 17:14:39', 9, '113.2.155.17', '查看文章', '{}', 'GET', '/blog/1577879724096', '故事');
INSERT INTO `t_syslog` VALUES (181, 'system', '2020-07-13 17:15:54', 'system', '2020-07-13 17:15:54', 5, '113.2.155.17', '查看文章', '{}', 'GET', '/blog/1577879724099', '故事');
INSERT INTO `t_syslog` VALUES (182, 'system', '2020-07-13 17:17:50', 'system', '2020-07-13 17:17:50', 4, '113.2.155.17', '查看文章', '{}', 'GET', '/blog/1577879724099', '故事');
INSERT INTO `t_syslog` VALUES (183, 'system', '2020-07-14 08:52:29', 'system', '2020-07-14 08:52:29', 395, '113.2.155.17', '查看文章', '{}', 'GET', '/blog/1577879724099', 'anonymousUser');
INSERT INTO `t_syslog` VALUES (184, 'system', '2020-07-14 09:53:23', 'system', '2020-07-14 09:53:23', 8, '113.2.155.17', '查看文章', '{}', 'GET', '/blog/1577879724098', 'anonymousUser');
INSERT INTO `t_syslog` VALUES (185, 'system', '2020-07-14 12:01:46', 'system', '2020-07-14 12:01:46', 407, '113.2.155.228', '查看文章', '{}', 'GET', '/blog/1577879724099', 'anonymousUser');
INSERT INTO `t_syslog` VALUES (186, 'system', '2020-07-14 12:09:35', 'system', '2020-07-14 12:09:35', 4, '113.2.155.228', '查看文章', '{}', 'GET', '/blog/1577879724098', 'anonymousUser');
INSERT INTO `t_syslog` VALUES (187, 'system', '2020-07-14 12:23:50', 'system', '2020-07-14 12:23:50', 410, '113.2.155.228', '查看文章', '{}', 'GET', '/blog/1577879724098', 'anonymousUser');
INSERT INTO `t_syslog` VALUES (188, 'system', '2020-07-14 15:49:13', 'system', '2020-07-14 15:49:13', 4, '113.2.155.228', '查看文章', '{}', 'GET', '/blog/1577879724095', 'anonymousUser');
INSERT INTO `t_syslog` VALUES (189, 'system', '2020-07-14 15:51:21', 'system', '2020-07-14 15:51:21', 60, '113.2.155.228', '查看文章', '{}', 'GET', '/blog/1577879724099', '故事');
INSERT INTO `t_syslog` VALUES (190, 'system', '2020-07-14 15:51:33', 'system', '2020-07-14 15:51:33', 5, '113.2.155.228', '查看文章', '{}', 'GET', '/blog/1577879724099', '故事');
INSERT INTO `t_syslog` VALUES (191, 'system', '2020-07-14 15:56:07', 'system', '2020-07-14 15:56:07', 392, '113.2.155.228', '查看文章', '{}', 'GET', '/blog/1577879724099', 'anonymousUser');
INSERT INTO `t_syslog` VALUES (192, 'system', '2020-07-14 16:14:05', 'system', '2020-07-14 16:14:05', 9, '113.2.155.228', '查看文章', '{}', 'GET', '/blog/1577879724099', '故事');
INSERT INTO `t_syslog` VALUES (193, 'system', '2020-07-14 16:14:23', 'system', '2020-07-14 16:14:23', 5, '113.2.155.228', '查看文章', '{}', 'GET', '/blog/1577879724095', '故事');
INSERT INTO `t_syslog` VALUES (194, 'system', '2020-07-14 16:15:52', 'system', '2020-07-14 16:15:52', 8, '113.2.155.228', '查看文章', '{}', 'GET', '/blog/1577879724098', '故事');
INSERT INTO `t_syslog` VALUES (195, 'system', '2020-07-14 16:28:11', 'system', '2020-07-14 16:28:11', 6, '113.2.155.228', '查看文章', '{}', 'GET', '/blog/1577879724097', '故事');
INSERT INTO `t_syslog` VALUES (196, 'system', '2020-07-15 05:49:58', 'system', '2020-07-15 05:49:58', 120, '113.2.155.228', '查看文章', '{}', 'GET', '/blog/1577879724093', '故事');
INSERT INTO `t_syslog` VALUES (197, 'system', '2020-07-15 05:53:11', 'system', '2020-07-15 05:53:11', 55, '113.2.155.228', '查看文章', '{}', 'GET', '/blog/1577879724093', '故事');
INSERT INTO `t_syslog` VALUES (198, 'system', '2020-07-15 06:21:06', 'system', '2020-07-15 06:21:06', 13, '113.2.155.228', '查看文章', '{}', 'GET', '/blog/1577879724099', '故事');
INSERT INTO `t_syslog` VALUES (199, 'system', '2020-07-15 06:21:18', 'system', '2020-07-15 06:21:18', 9, '113.2.155.228', '查看文章', '{}', 'GET', '/blog/1577879724098', '故事');
INSERT INTO `t_syslog` VALUES (200, 'system', '2020-07-15 11:21:33', 'system', '2020-07-15 11:21:33', 5, '113.2.155.228', '查看文章', '{}', 'GET', '/blog/1577879724099', 'anonymousUser');
INSERT INTO `t_syslog` VALUES (201, 'system', '2020-07-15 15:04:08', 'system', '2020-07-15 15:04:08', 46, '113.2.155.228', '查看文章', '{}', 'GET', '/blog/1577879724096', 'anonymousUser');
INSERT INTO `t_syslog` VALUES (202, 'system', '2020-07-15 16:14:21', 'system', '2020-07-15 16:14:21', 36, '120.235.179.227', '查看文章', '{}', 'GET', '/blog/1577879724093', 'anonymousUser');
INSERT INTO `t_syslog` VALUES (203, 'system', '2020-07-16 08:04:53', 'system', '2020-07-16 08:04:53', 5, '223.104.64.154', '查看文章', '{}', 'GET', '/blog/1577879724099', 'anonymousUser');
INSERT INTO `t_syslog` VALUES (204, 'system', '2020-07-16 13:08:36', 'system', '2020-07-16 13:08:36', 19, '113.2.155.228', '查看文章', '{}', 'GET', '/blog/1577879724098', '故事');
INSERT INTO `t_syslog` VALUES (205, 'system', '2020-07-16 14:21:11', 'system', '2020-07-16 14:21:11', 6, '60.4.24.19', '查看文章', '{}', 'GET', '/blog/1577879724099', 'anonymousUser');
INSERT INTO `t_syslog` VALUES (206, 'system', '2020-07-16 14:53:48', 'system', '2020-07-16 14:53:48', 4, '113.2.155.228', '查看文章', '{}', 'GET', '/blog/1577879724098', '故事');
INSERT INTO `t_syslog` VALUES (207, 'system', '2020-07-16 14:59:34', 'system', '2020-07-16 14:59:34', 20, '113.2.155.228', '查看文章', '{}', 'GET', '/blog/1577879724098', '故事');
INSERT INTO `t_syslog` VALUES (208, 'system', '2020-07-16 16:56:41', 'system', '2020-07-16 16:56:41', 4, '51.158.111.94', '查看文章', '{}', 'GET', '/blog/1577879724096', 'anonymousUser');
INSERT INTO `t_syslog` VALUES (209, 'system', '2020-07-17 12:14:43', 'system', '2020-07-17 12:14:43', 4, '112.86.159.106', '查看文章', '{}', 'GET', '/blog/1577879724097', 'anonymousUser');
INSERT INTO `t_syslog` VALUES (210, 'system', '2020-07-17 13:24:13', 'system', '2020-07-17 13:24:13', 24, '113.2.155.228', '查看文章', '{}', 'GET', '/blog/1577879724100', '故事');
INSERT INTO `t_syslog` VALUES (211, 'system', '2020-07-17 13:55:17', 'system', '2020-07-17 13:55:17', 27, '113.2.155.228', '查看文章', '{}', 'GET', '/blog/1577879724100', '故事');
INSERT INTO `t_syslog` VALUES (212, 'system', '2020-07-17 13:57:48', 'system', '2020-07-17 13:57:48', 3, '113.2.155.228', '查看文章', '{}', 'GET', '/blog/1577879724099', '故事');
INSERT INTO `t_syslog` VALUES (213, 'system', '2020-07-17 15:32:19', 'system', '2020-07-17 15:32:19', 16, '113.2.155.228', '查看文章', '{}', 'GET', '/blog/1577879724100', '故事');
INSERT INTO `t_syslog` VALUES (214, 'system', '2020-07-17 15:33:24', 'system', '2020-07-17 15:33:24', 5, '113.2.155.228', '查看文章', '{}', 'GET', '/blog/1577879724100', '故事');
INSERT INTO `t_syslog` VALUES (215, 'system', '2020-07-18 05:32:02', 'system', '2020-07-18 05:32:02', 6, '111.19.44.67', '查看文章', '{}', 'GET', '/blog/1577879724096', 'anonymousUser');
INSERT INTO `t_syslog` VALUES (216, 'system', '2020-07-18 05:32:36', 'system', '2020-07-18 05:32:36', 3, '111.19.44.67', '查看文章', '{}', 'GET', '/blog/1577879724097', 'anonymousUser');
INSERT INTO `t_syslog` VALUES (217, 'system', '2020-07-18 10:40:12', 'system', '2020-07-18 10:40:12', 4, '113.2.155.228', '查看文章', '{}', 'GET', '/blog/1577879724100', 'anonymousUser');
INSERT INTO `t_syslog` VALUES (218, 'system', '2020-07-18 12:53:38', 'system', '2020-07-18 12:53:38', 45, '113.2.155.228', '查看文章', '{}', 'GET', '/blog/1577879724098', '故事');
INSERT INTO `t_syslog` VALUES (219, 'system', '2020-07-18 12:55:08', 'system', '2020-07-18 12:55:08', 18, '113.2.155.228', '查看文章', '{}', 'GET', '/blog/1577879724097', '故事');
INSERT INTO `t_syslog` VALUES (220, 'system', '2020-07-18 12:55:19', 'system', '2020-07-18 12:55:19', 8, '113.2.155.228', '查看文章', '{}', 'GET', '/blog/1577879724100', '故事');
INSERT INTO `t_syslog` VALUES (221, 'system', '2020-07-18 12:56:49', 'system', '2020-07-18 12:56:49', 4, '113.2.155.228', '查看文章', '{}', 'GET', '/blog/1577879724097', '故事');
INSERT INTO `t_syslog` VALUES (222, 'system', '2020-07-18 12:56:58', 'system', '2020-07-18 12:56:58', 4, '113.2.155.228', '查看文章', '{}', 'GET', '/blog/1577879724100', '故事');
INSERT INTO `t_syslog` VALUES (223, 'system', '2020-07-18 15:12:49', 'system', '2020-07-18 15:12:49', 5, '113.2.155.228', '查看文章', '{}', 'GET', '/blog/1577879724098', '故事');
INSERT INTO `t_syslog` VALUES (224, 'system', '2020-07-18 15:16:54', 'system', '2020-07-18 15:16:54', 72, '113.2.155.228', '查看文章', '{}', 'GET', '/blog/1577879724098', '故事');
INSERT INTO `t_syslog` VALUES (225, 'system', '2020-07-19 07:52:11', 'system', '2020-07-19 07:52:11', 24, '113.2.155.228', '查看文章', '{}', 'GET', '/blog/1577879724101', '故事');
INSERT INTO `t_syslog` VALUES (226, 'system', '2020-07-19 07:54:40', 'system', '2020-07-19 07:54:40', 4, '113.2.155.228', '查看文章', '{}', 'GET', '/blog/1577879724101', '故事');
INSERT INTO `t_syslog` VALUES (227, 'system', '2020-07-19 07:59:02', 'system', '2020-07-19 07:59:02', 5, '113.2.155.228', '查看文章', '{}', 'GET', '/blog/1577879724096', '故事');
INSERT INTO `t_syslog` VALUES (228, 'system', '2020-07-19 08:16:38', 'system', '2020-07-19 08:16:38', 21, '113.2.155.228', '查看文章', '{}', 'GET', '/blog/1577879724096', '故事');
INSERT INTO `t_syslog` VALUES (229, 'system', '2020-07-19 08:18:28', 'system', '2020-07-19 08:18:28', 40, '113.2.155.228', '查看文章', '{}', 'GET', '/blog/1577879724096', '故事');
INSERT INTO `t_syslog` VALUES (230, 'system', '2020-07-19 08:19:26', 'system', '2020-07-19 08:19:26', 39, '113.2.155.228', '查看文章', '{}', 'GET', '/blog/1577879724096', '故事');
INSERT INTO `t_syslog` VALUES (231, 'system', '2020-07-19 08:20:06', 'system', '2020-07-19 08:20:06', 36, '113.2.155.228', '查看文章', '{}', 'GET', '/blog/1577879724096', '故事');
INSERT INTO `t_syslog` VALUES (232, 'system', '2020-07-19 17:24:59', 'system', '2020-07-19 17:24:59', 4, '113.2.155.124', '查看文章', '{}', 'GET', '/blog/1577879724100', 'anonymousUser');
INSERT INTO `t_syslog` VALUES (233, 'system', '2020-07-19 17:29:44', 'system', '2020-07-19 17:29:44', 4, '113.2.155.124', '查看文章', '{}', 'GET', '/blog/1577879724098', 'anonymousUser');
INSERT INTO `t_syslog` VALUES (234, 'system', '2020-07-19 17:30:36', 'system', '2020-07-19 17:30:36', 6, '113.2.155.124', '查看文章', '{}', 'GET', '/blog/1577879724098', 'anonymousUser');
INSERT INTO `t_syslog` VALUES (235, 'system', '2020-07-19 17:36:11', 'system', '2020-07-19 17:36:11', 28, '113.2.155.124', '查看文章', '{}', 'GET', '/blog/6', 'anonymousUser');
INSERT INTO `t_syslog` VALUES (236, 'system', '2020-07-19 17:36:16', 'system', '2020-07-19 17:36:16', 36, '113.2.155.124', '查看文章', '{}', 'GET', '/blog/1', 'anonymousUser');
INSERT INTO `t_syslog` VALUES (237, 'system', '2020-07-19 17:36:24', 'system', '2020-07-19 17:36:24', 28, '113.2.155.124', '查看文章', '{}', 'GET', '/blog/2', 'anonymousUser');
INSERT INTO `t_syslog` VALUES (238, 'system', '2020-07-19 17:56:24', 'system', '2020-07-19 17:56:24', 4, '113.2.155.124', '查看文章', '{}', 'GET', '/blog/6', 'anonymousUser');
INSERT INTO `t_syslog` VALUES (239, 'system', '2020-07-19 17:58:26', 'system', '2020-07-19 17:58:26', 3, '113.2.155.124', '查看文章', '{}', 'GET', '/blog/6', 'anonymousUser');
INSERT INTO `t_syslog` VALUES (240, 'system', '2020-07-19 18:00:01', 'system', '2020-07-19 18:00:01', 5, '113.2.155.124', '查看文章', '{}', 'GET', '/blog/6', 'anonymousUser');
INSERT INTO `t_syslog` VALUES (241, 'system', '2020-07-19 18:00:08', 'system', '2020-07-19 18:00:08', 4, '113.2.155.124', '查看文章', '{}', 'GET', '/blog/6', 'anonymousUser');
INSERT INTO `t_syslog` VALUES (242, 'system', '2020-07-19 18:07:35', 'system', '2020-07-19 18:07:35', 5, '45.76.111.124', '查看文章', '{}', 'GET', '/blog/2', 'anonymousUser');
INSERT INTO `t_syslog` VALUES (243, 'system', '2020-07-19 19:22:45', 'system', '2020-07-19 19:22:45', 6, '198.13.42.30', '查看文章', '{}', 'GET', '/blog/2', 'anonymousUser');
INSERT INTO `t_syslog` VALUES (244, 'system', '2020-07-20 08:02:01', 'system', '2020-07-20 08:02:01', 15, '113.2.155.124', '查看文章', '{}', 'GET', '/blog/4', '故事');
INSERT INTO `t_syslog` VALUES (245, 'system', '2020-07-20 08:02:51', 'system', '2020-07-20 08:02:51', 4, '113.2.155.124', '查看文章', '{}', 'GET', '/blog/6', '故事');
INSERT INTO `t_syslog` VALUES (246, 'system', '2020-07-20 13:13:43', 'system', '2020-07-20 13:13:43', 4, '51.15.247.139', '查看文章', '{}', 'GET', '/blog/4', 'anonymousUser');
INSERT INTO `t_syslog` VALUES (247, 'system', '2020-07-20 22:26:16', 'system', '2020-07-20 22:26:16', 15, '84.17.34.8', '文章所搜', '{\"keyboard\":\"1231\"}', 'GET', '/search', 'anonymousUser');
INSERT INTO `t_syslog` VALUES (248, 'system', '2020-07-20 22:26:40', 'system', '2020-07-20 22:26:40', 10, '84.17.34.8', '文章所搜', '{\"keyboard\":\"a\"}', 'GET', '/search', 'anonymousUser');
INSERT INTO `t_syslog` VALUES (249, 'system', '2020-07-20 22:26:40', 'system', '2020-07-20 22:26:40', 6, '84.17.34.8', '文章所搜', '{\"keyboard\":\"a\"}', 'GET', '/search', 'anonymousUser');
INSERT INTO `t_syslog` VALUES (250, 'system', '2020-07-20 22:26:40', 'system', '2020-07-20 22:26:40', 7, '84.17.34.8', '文章所搜', '{\"keyboard\":\"a\"}', 'GET', '/search', 'anonymousUser');
INSERT INTO `t_syslog` VALUES (251, 'system', '2020-07-20 22:26:48', 'system', '2020-07-20 22:26:48', 6, '84.17.34.8', '文章所搜', '{\"keyboard\":\"a\",\"pageNum\":\"2\"}', 'GET', '/search/', 'anonymousUser');
INSERT INTO `t_syslog` VALUES (252, 'system', '2020-07-20 22:26:57', 'system', '2020-07-20 22:26:57', 5, '84.17.34.8', '文章所搜', '{\"keyboard\":\"a\",\"pageNum\":\"3\"}', 'GET', '/search/', 'anonymousUser');
INSERT INTO `t_syslog` VALUES (253, 'system', '2020-07-22 01:18:18', 'system', '2020-07-22 01:18:18', 214, '127.0.0.1', '查看文章', '{}', 'GET', '/blog/5', '故事');
INSERT INTO `t_syslog` VALUES (254, 'system', '2020-07-22 01:18:23', 'system', '2020-07-22 01:18:23', 21, '127.0.0.1', '查看文章', '{}', 'GET', '/blog/6', '故事');
INSERT INTO `t_syslog` VALUES (255, 'system', '2020-07-23 00:16:05', 'system', '2020-07-23 00:16:05', 300, '127.0.0.1', '查看文章', '{}', 'GET', '/blog/5', 'anonymousUser');
INSERT INTO `t_syslog` VALUES (256, 'system', '2020-07-23 00:24:48', 'system', '2020-07-23 00:24:48', 47, '127.0.0.1', '查看文章', '{}', 'GET', '/blog/2', 'anonymousUser');
INSERT INTO `t_syslog` VALUES (257, 'system', '2020-07-23 00:26:19', 'system', '2020-07-23 00:26:19', 3, '127.0.0.1', '查看文章', '{}', 'GET', '/blog/2', 'anonymousUser');
INSERT INTO `t_syslog` VALUES (258, 'system', '2020-07-23 00:28:17', 'system', '2020-07-23 00:28:17', 3, '127.0.0.1', '查看文章', '{}', 'GET', '/blog/5', 'anonymousUser');
INSERT INTO `t_syslog` VALUES (259, 'system', '2020-07-23 00:28:54', 'system', '2020-07-23 00:28:54', 3, '127.0.0.1', '查看文章', '{}', 'GET', '/blog/5', 'anonymousUser');
INSERT INTO `t_syslog` VALUES (260, 'system', '2020-07-23 00:29:54', 'system', '2020-07-23 00:29:54', 7, '127.0.0.1', '查看文章', '{}', 'GET', '/blog/5', 'anonymousUser');
INSERT INTO `t_syslog` VALUES (261, 'system', '2020-07-23 00:30:28', 'system', '2020-07-23 00:30:28', 2, '127.0.0.1', '查看文章', '{}', 'GET', '/blog/5', 'anonymousUser');
INSERT INTO `t_syslog` VALUES (262, 'system', '2020-07-23 00:30:41', 'system', '2020-07-23 00:30:41', 3, '127.0.0.1', '查看文章', '{}', 'GET', '/blog/5', 'anonymousUser');
INSERT INTO `t_syslog` VALUES (263, 'system', '2020-07-23 00:31:25', 'system', '2020-07-23 00:31:25', 3, '127.0.0.1', '查看文章', '{}', 'GET', '/blog/5', 'anonymousUser');
INSERT INTO `t_syslog` VALUES (264, 'system', '2020-07-23 00:32:45', 'system', '2020-07-23 00:32:45', 15, '127.0.0.1', '查看文章', '{}', 'GET', '/blog/5', 'anonymousUser');
INSERT INTO `t_syslog` VALUES (265, 'system', '2020-07-23 00:34:01', 'system', '2020-07-23 00:34:01', 2, '127.0.0.1', '查看文章', '{}', 'GET', '/blog/5', 'anonymousUser');
INSERT INTO `t_syslog` VALUES (266, 'system', '2020-07-23 00:38:17', 'system', '2020-07-23 00:38:17', 5, '127.0.0.1', '查看文章', '{}', 'GET', '/blog/5', 'anonymousUser');
INSERT INTO `t_syslog` VALUES (267, 'system', '2020-07-23 00:56:09', 'system', '2020-07-23 00:56:09', 8, '127.0.0.1', '查看文章', '{}', 'GET', '/blog/2', 'anonymousUser');
INSERT INTO `t_syslog` VALUES (268, 'system', '2020-07-23 00:58:58', 'system', '2020-07-23 00:58:58', 3, '127.0.0.1', '查看文章', '{}', 'GET', '/blog/2', 'anonymousUser');
INSERT INTO `t_syslog` VALUES (269, 'system', '2020-07-23 00:59:08', 'system', '2020-07-23 00:59:08', 2, '127.0.0.1', '查看文章', '{}', 'GET', '/blog/2', 'anonymousUser');
INSERT INTO `t_syslog` VALUES (270, 'system', '2020-07-23 01:06:13', 'system', '2020-07-23 01:06:13', 37, '127.0.0.1', '查看文章', '{}', 'GET', '/blog/2', 'anonymousUser');
INSERT INTO `t_syslog` VALUES (271, 'system', '2020-07-23 01:38:00', 'system', '2020-07-23 01:38:00', 89, '127.0.0.1', '查看文章', '{}', 'GET', '/blog/2', 'anonymousUser');
INSERT INTO `t_syslog` VALUES (272, 'system', '2020-07-23 01:39:06', 'system', '2020-07-23 01:39:06', 4, '127.0.0.1', '查看文章', '{}', 'GET', '/blog/2', 'anonymousUser');
INSERT INTO `t_syslog` VALUES (273, 'system', '2020-07-23 01:39:23', 'system', '2020-07-23 01:39:23', 2, '127.0.0.1', '查看文章', '{}', 'GET', '/blog/2', 'anonymousUser');
INSERT INTO `t_syslog` VALUES (274, 'system', '2020-07-23 01:39:29', 'system', '2020-07-23 01:39:29', 0, '127.0.0.1', '查看文章', '{}', 'GET', '/blog/5', 'anonymousUser');
INSERT INTO `t_syslog` VALUES (275, 'system', '2020-07-23 01:39:32', 'system', '2020-07-23 01:39:32', 2, '127.0.0.1', '查看文章', '{}', 'GET', '/blog/5', 'anonymousUser');
INSERT INTO `t_syslog` VALUES (276, 'system', '2020-07-23 01:39:35', 'system', '2020-07-23 01:39:35', 61, '127.0.0.1', '查看文章', '{}', 'GET', '/blog/4', 'anonymousUser');
INSERT INTO `t_syslog` VALUES (277, 'system', '2020-07-23 01:39:45', 'system', '2020-07-23 01:39:45', 1, '127.0.0.1', '查看文章', '{}', 'GET', '/blog/4', 'anonymousUser');
INSERT INTO `t_syslog` VALUES (278, 'system', '2020-07-23 01:39:55', 'system', '2020-07-23 01:39:55', 2, '127.0.0.1', '查看文章', '{}', 'GET', '/blog/2', 'anonymousUser');
INSERT INTO `t_syslog` VALUES (279, 'system', '2020-07-23 01:40:10', 'system', '2020-07-23 01:40:10', 3, '127.0.0.1', '查看文章', '{}', 'GET', '/blog/5', 'anonymousUser');
INSERT INTO `t_syslog` VALUES (280, 'system', '2020-07-23 01:42:01', 'system', '2020-07-23 01:42:01', 4, '127.0.0.1', '查看文章', '{}', 'GET', '/blog/5', 'anonymousUser');
INSERT INTO `t_syslog` VALUES (281, 'system', '2020-07-23 01:42:45', 'system', '2020-07-23 01:42:45', 4, '127.0.0.1', '查看文章', '{}', 'GET', '/blog/5', 'anonymousUser');
INSERT INTO `t_syslog` VALUES (282, 'system', '2020-07-23 01:43:03', 'system', '2020-07-23 01:43:03', 2, '127.0.0.1', '查看文章', '{}', 'GET', '/blog/5', 'anonymousUser');
INSERT INTO `t_syslog` VALUES (283, 'system', '2020-07-23 01:44:14', 'system', '2020-07-23 01:44:14', 5, '127.0.0.1', '查看文章', '{}', 'GET', '/blog/5', 'anonymousUser');
INSERT INTO `t_syslog` VALUES (284, 'system', '2020-07-23 01:44:30', 'system', '2020-07-23 01:44:30', 3, '127.0.0.1', '查看文章', '{}', 'GET', '/blog/5', 'anonymousUser');
INSERT INTO `t_syslog` VALUES (285, 'system', '2020-07-23 01:45:21', 'system', '2020-07-23 01:45:21', 2, '127.0.0.1', '查看文章', '{}', 'GET', '/blog/5', 'anonymousUser');
INSERT INTO `t_syslog` VALUES (286, 'system', '2020-07-23 01:45:35', 'system', '2020-07-23 01:45:35', 2, '127.0.0.1', '查看文章', '{}', 'GET', '/blog/5', 'anonymousUser');
INSERT INTO `t_syslog` VALUES (287, 'system', '2020-07-23 01:46:00', 'system', '2020-07-23 01:46:00', 2, '127.0.0.1', '查看文章', '{}', 'GET', '/blog/5', 'anonymousUser');
INSERT INTO `t_syslog` VALUES (288, 'system', '2020-07-23 01:46:35', 'system', '2020-07-23 01:46:35', 2, '127.0.0.1', '查看文章', '{}', 'GET', '/blog/5', 'anonymousUser');
INSERT INTO `t_syslog` VALUES (289, 'system', '2020-07-23 01:46:50', 'system', '2020-07-23 01:46:50', 3, '127.0.0.1', '查看文章', '{}', 'GET', '/blog/5', 'anonymousUser');
INSERT INTO `t_syslog` VALUES (290, 'system', '2020-07-23 01:48:42', 'system', '2020-07-23 01:48:42', 4, '127.0.0.1', '查看文章', '{}', 'GET', '/blog/5', 'anonymousUser');
INSERT INTO `t_syslog` VALUES (291, 'system', '2020-07-23 01:49:16', 'system', '2020-07-23 01:49:16', 2, '127.0.0.1', '查看文章', '{}', 'GET', '/blog/5', 'anonymousUser');
INSERT INTO `t_syslog` VALUES (292, 'system', '2020-07-23 01:50:42', 'system', '2020-07-23 01:50:42', 3, '127.0.0.1', '查看文章', '{}', 'GET', '/blog/5', 'anonymousUser');
INSERT INTO `t_syslog` VALUES (293, 'system', '2020-07-23 01:51:19', 'system', '2020-07-23 01:51:19', 2, '127.0.0.1', '查看文章', '{}', 'GET', '/blog/5', 'anonymousUser');
INSERT INTO `t_syslog` VALUES (294, 'system', '2020-07-23 01:52:59', 'system', '2020-07-23 01:52:59', 3, '127.0.0.1', '查看文章', '{}', 'GET', '/blog/5', 'anonymousUser');
INSERT INTO `t_syslog` VALUES (295, 'system', '2020-07-23 02:08:59', 'system', '2020-07-23 02:08:59', 5, '127.0.0.1', '查看文章', '{}', 'GET', '/blog/5', 'anonymousUser');
INSERT INTO `t_syslog` VALUES (296, 'system', '2020-07-23 02:09:23', 'system', '2020-07-23 02:09:23', 4, '127.0.0.1', '查看文章', '{}', 'GET', '/blog/5', 'anonymousUser');
INSERT INTO `t_syslog` VALUES (297, 'system', '2020-07-23 02:09:36', 'system', '2020-07-23 02:09:36', 7, '127.0.0.1', '查看文章', '{}', 'GET', '/blog/5', 'anonymousUser');
INSERT INTO `t_syslog` VALUES (298, 'system', '2020-07-23 02:09:48', 'system', '2020-07-23 02:09:48', 5, '127.0.0.1', '查看文章', '{}', 'GET', '/blog/5', 'anonymousUser');
INSERT INTO `t_syslog` VALUES (299, 'system', '2020-07-23 02:09:59', 'system', '2020-07-23 02:09:59', 2, '127.0.0.1', '查看文章', '{}', 'GET', '/blog/5', 'anonymousUser');
INSERT INTO `t_syslog` VALUES (300, 'system', '2020-07-23 02:10:11', 'system', '2020-07-23 02:10:11', 2, '127.0.0.1', '查看文章', '{}', 'GET', '/blog/5', 'anonymousUser');
INSERT INTO `t_syslog` VALUES (301, 'system', '2020-07-23 02:10:23', 'system', '2020-07-23 02:10:23', 1, '127.0.0.1', '查看文章', '{}', 'GET', '/blog/5', 'anonymousUser');
INSERT INTO `t_syslog` VALUES (302, 'system', '2020-07-23 02:10:30', 'system', '2020-07-23 02:10:30', 17, '127.0.0.1', '查看文章', '{}', 'GET', '/blog/5', 'anonymousUser');
INSERT INTO `t_syslog` VALUES (303, 'system', '2020-07-23 02:10:56', 'system', '2020-07-23 02:10:56', 2, '127.0.0.1', '查看文章', '{}', 'GET', '/blog/5', 'anonymousUser');
INSERT INTO `t_syslog` VALUES (304, 'system', '2020-07-23 02:11:15', 'system', '2020-07-23 02:11:15', 2, '127.0.0.1', '查看文章', '{}', 'GET', '/blog/5', 'anonymousUser');
INSERT INTO `t_syslog` VALUES (305, 'system', '2020-07-23 02:11:23', 'system', '2020-07-23 02:11:23', 2, '127.0.0.1', '查看文章', '{}', 'GET', '/blog/5', 'anonymousUser');
INSERT INTO `t_syslog` VALUES (306, 'system', '2020-07-23 02:11:30', 'system', '2020-07-23 02:11:30', 1, '127.0.0.1', '查看文章', '{}', 'GET', '/blog/5', 'anonymousUser');
INSERT INTO `t_syslog` VALUES (307, 'system', '2020-07-23 02:11:40', 'system', '2020-07-23 02:11:40', 3, '127.0.0.1', '查看文章', '{}', 'GET', '/blog/5', 'anonymousUser');
INSERT INTO `t_syslog` VALUES (308, 'system', '2020-07-23 02:11:47', 'system', '2020-07-23 02:11:47', 2, '127.0.0.1', '查看文章', '{}', 'GET', '/blog/5', 'anonymousUser');
INSERT INTO `t_syslog` VALUES (309, 'system', '2020-07-23 02:17:13', 'system', '2020-07-23 02:17:13', 2, '127.0.0.1', '查看文章', '{}', 'GET', '/blog/5', 'anonymousUser');
INSERT INTO `t_syslog` VALUES (310, 'system', '2020-07-23 02:17:23', 'system', '2020-07-23 02:17:23', 2, '127.0.0.1', '查看文章', '{}', 'GET', '/blog/5', 'anonymousUser');
INSERT INTO `t_syslog` VALUES (311, 'system', '2020-07-23 02:20:27', 'system', '2020-07-23 02:20:27', 6, '127.0.0.1', '查看文章', '{}', 'GET', '/blog/2', 'anonymousUser');
INSERT INTO `t_syslog` VALUES (312, 'system', '2020-07-23 02:20:41', 'system', '2020-07-23 02:20:41', 4, '127.0.0.1', '查看文章', '{}', 'GET', '/blog/2', 'anonymousUser');
INSERT INTO `t_syslog` VALUES (313, 'system', '2020-07-23 02:21:49', 'system', '2020-07-23 02:21:49', 2, '127.0.0.1', '查看文章', '{}', 'GET', '/blog/2', 'anonymousUser');
INSERT INTO `t_syslog` VALUES (314, 'system', '2020-07-23 02:22:07', 'system', '2020-07-23 02:22:07', 6, '127.0.0.1', '查看文章', '{}', 'GET', '/blog/2', 'anonymousUser');
INSERT INTO `t_syslog` VALUES (315, 'system', '2020-07-23 02:23:05', 'system', '2020-07-23 02:23:05', 7, '127.0.0.1', '查看文章', '{}', 'GET', '/blog/2', 'anonymousUser');
INSERT INTO `t_syslog` VALUES (316, 'system', '2020-07-23 02:23:15', 'system', '2020-07-23 02:23:15', 2, '127.0.0.1', '查看文章', '{}', 'GET', '/blog/2', 'anonymousUser');
INSERT INTO `t_syslog` VALUES (317, 'system', '2020-07-23 02:23:33', 'system', '2020-07-23 02:23:33', 6, '127.0.0.1', '查看文章', '{}', 'GET', '/blog/2', 'anonymousUser');
INSERT INTO `t_syslog` VALUES (318, 'system', '2020-07-23 02:24:31', 'system', '2020-07-23 02:24:31', 2, '127.0.0.1', '查看文章', '{}', 'GET', '/blog/2', 'anonymousUser');
INSERT INTO `t_syslog` VALUES (319, 'system', '2020-07-23 02:26:03', 'system', '2020-07-23 02:26:03', 3, '127.0.0.1', '查看文章', '{}', 'GET', '/blog/2', 'anonymousUser');
INSERT INTO `t_syslog` VALUES (320, 'system', '2020-07-23 02:26:12', 'system', '2020-07-23 02:26:12', 3, '127.0.0.1', '查看文章', '{}', 'GET', '/blog/2', 'anonymousUser');
INSERT INTO `t_syslog` VALUES (321, 'system', '2020-07-23 02:26:19', 'system', '2020-07-23 02:26:19', 3, '127.0.0.1', '查看文章', '{}', 'GET', '/blog/2', 'anonymousUser');
INSERT INTO `t_syslog` VALUES (322, 'system', '2020-07-23 02:26:49', 'system', '2020-07-23 02:26:49', 8, '127.0.0.1', '查看文章', '{}', 'GET', '/blog/2', 'anonymousUser');
INSERT INTO `t_syslog` VALUES (323, 'system', '2020-07-23 02:27:04', 'system', '2020-07-23 02:27:04', 9, '127.0.0.1', '查看文章', '{}', 'GET', '/blog/2', 'anonymousUser');
INSERT INTO `t_syslog` VALUES (324, 'system', '2020-07-23 02:27:06', 'system', '2020-07-23 02:27:06', 2, '127.0.0.1', '查看文章', '{}', 'GET', '/blog/2', 'anonymousUser');
INSERT INTO `t_syslog` VALUES (325, 'system', '2020-07-23 02:30:52', 'system', '2020-07-23 02:30:52', 3, '127.0.0.1', '查看文章', '{}', 'GET', '/blog/5', 'anonymousUser');
INSERT INTO `t_syslog` VALUES (326, 'system', '2020-07-23 02:31:24', 'system', '2020-07-23 02:31:24', 2, '127.0.0.1', '查看文章', '{}', 'GET', '/blog/5', 'anonymousUser');
INSERT INTO `t_syslog` VALUES (327, 'system', '2020-07-23 02:31:34', 'system', '2020-07-23 02:31:34', 2, '127.0.0.1', '查看文章', '{}', 'GET', '/blog/5', 'anonymousUser');
INSERT INTO `t_syslog` VALUES (328, 'system', '2020-07-23 02:31:44', 'system', '2020-07-23 02:31:44', 4, '127.0.0.1', '查看文章', '{}', 'GET', '/blog/5', 'anonymousUser');
INSERT INTO `t_syslog` VALUES (329, 'system', '2020-07-23 02:35:13', 'system', '2020-07-23 02:35:13', 2, '127.0.0.1', '查看文章', '{}', 'GET', '/blog/5', 'anonymousUser');
INSERT INTO `t_syslog` VALUES (330, 'system', '2020-07-23 02:35:27', 'system', '2020-07-23 02:35:27', 3, '127.0.0.1', '查看文章', '{}', 'GET', '/blog/5', 'anonymousUser');
INSERT INTO `t_syslog` VALUES (331, 'system', '2020-07-23 02:35:55', 'system', '2020-07-23 02:35:55', 2, '127.0.0.1', '查看文章', '{}', 'GET', '/blog/5', 'anonymousUser');
INSERT INTO `t_syslog` VALUES (332, 'system', '2020-07-23 02:36:29', 'system', '2020-07-23 02:36:29', 6, '127.0.0.1', '查看文章', '{}', 'GET', '/blog/5', 'anonymousUser');
INSERT INTO `t_syslog` VALUES (333, 'system', '2020-07-23 02:36:40', 'system', '2020-07-23 02:36:40', 2, '127.0.0.1', '查看文章', '{}', 'GET', '/blog/5', 'anonymousUser');
INSERT INTO `t_syslog` VALUES (334, 'system', '2020-07-23 02:37:34', 'system', '2020-07-23 02:37:34', 2, '127.0.0.1', '查看文章', '{}', 'GET', '/blog/5', 'anonymousUser');
INSERT INTO `t_syslog` VALUES (335, 'system', '2020-07-23 02:38:47', 'system', '2020-07-23 02:38:47', 2, '127.0.0.1', '查看文章', '{}', 'GET', '/blog/5', 'anonymousUser');
INSERT INTO `t_syslog` VALUES (336, 'system', '2020-07-23 02:39:16', 'system', '2020-07-23 02:39:16', 2, '127.0.0.1', '查看文章', '{}', 'GET', '/blog/5', 'anonymousUser');
INSERT INTO `t_syslog` VALUES (337, 'system', '2020-07-23 02:39:38', 'system', '2020-07-23 02:39:38', 2, '127.0.0.1', '查看文章', '{}', 'GET', '/blog/5', 'anonymousUser');
INSERT INTO `t_syslog` VALUES (338, 'system', '2020-07-23 02:39:44', 'system', '2020-07-23 02:39:44', 2, '127.0.0.1', '查看文章', '{}', 'GET', '/blog/5', 'anonymousUser');
INSERT INTO `t_syslog` VALUES (339, 'system', '2020-07-23 02:39:46', 'system', '2020-07-23 02:39:46', 2, '127.0.0.1', '查看文章', '{}', 'GET', '/blog/5', 'anonymousUser');
INSERT INTO `t_syslog` VALUES (340, 'system', '2020-07-23 02:39:50', 'system', '2020-07-23 02:39:50', 2, '127.0.0.1', '查看文章', '{}', 'GET', '/blog/5', 'anonymousUser');
INSERT INTO `t_syslog` VALUES (341, 'system', '2020-07-23 02:40:03', 'system', '2020-07-23 02:40:03', 3, '127.0.0.1', '查看文章', '{}', 'GET', '/blog/5', 'anonymousUser');
INSERT INTO `t_syslog` VALUES (342, 'system', '2020-07-23 02:40:06', 'system', '2020-07-23 02:40:06', 3, '127.0.0.1', '查看文章', '{}', 'GET', '/blog/5', 'anonymousUser');
INSERT INTO `t_syslog` VALUES (343, 'system', '2020-07-23 02:41:36', 'system', '2020-07-23 02:41:36', 6, '127.0.0.1', '查看文章', '{}', 'GET', '/blog/5', 'anonymousUser');
INSERT INTO `t_syslog` VALUES (344, 'system', '2020-07-23 02:41:47', 'system', '2020-07-23 02:41:47', 2, '127.0.0.1', '查看文章', '{}', 'GET', '/blog/5', 'anonymousUser');
INSERT INTO `t_syslog` VALUES (345, 'system', '2020-07-23 02:41:56', 'system', '2020-07-23 02:41:56', 2, '127.0.0.1', '查看文章', '{}', 'GET', '/blog/5', 'anonymousUser');
INSERT INTO `t_syslog` VALUES (346, 'system', '2020-07-23 02:42:18', 'system', '2020-07-23 02:42:18', 5, '127.0.0.1', '查看文章', '{}', 'GET', '/blog/5', 'anonymousUser');
INSERT INTO `t_syslog` VALUES (347, 'system', '2020-07-23 02:42:23', 'system', '2020-07-23 02:42:23', 3, '127.0.0.1', '查看文章', '{}', 'GET', '/blog/5', 'anonymousUser');
INSERT INTO `t_syslog` VALUES (348, 'system', '2020-07-23 02:42:42', 'system', '2020-07-23 02:42:42', 4, '127.0.0.1', '查看文章', '{}', 'GET', '/blog/5', 'anonymousUser');
INSERT INTO `t_syslog` VALUES (349, 'system', '2020-07-23 02:43:34', 'system', '2020-07-23 02:43:34', 5, '127.0.0.1', '查看文章', '{}', 'GET', '/blog/5', 'anonymousUser');
INSERT INTO `t_syslog` VALUES (350, 'system', '2020-07-23 02:43:56', 'system', '2020-07-23 02:43:56', 5, '127.0.0.1', '查看文章', '{}', 'GET', '/blog/5', 'anonymousUser');
INSERT INTO `t_syslog` VALUES (351, 'system', '2020-07-23 02:44:50', 'system', '2020-07-23 02:44:50', 5, '127.0.0.1', '查看文章', '{}', 'GET', '/blog/5', 'anonymousUser');
INSERT INTO `t_syslog` VALUES (352, 'system', '2020-07-23 02:45:43', 'system', '2020-07-23 02:45:43', 4, '127.0.0.1', '查看文章', '{}', 'GET', '/blog/5', 'anonymousUser');
INSERT INTO `t_syslog` VALUES (353, 'system', '2020-07-23 02:46:51', 'system', '2020-07-23 02:46:51', 2, '127.0.0.1', '查看文章', '{}', 'GET', '/blog/5', 'anonymousUser');
INSERT INTO `t_syslog` VALUES (354, 'system', '2020-07-23 02:47:20', 'system', '2020-07-23 02:47:20', 6, '127.0.0.1', '查看文章', '{}', 'GET', '/blog/5', 'anonymousUser');
INSERT INTO `t_syslog` VALUES (355, 'system', '2020-07-23 02:50:26', 'system', '2020-07-23 02:50:26', 2, '127.0.0.1', '查看文章', '{}', 'GET', '/blog/5', 'anonymousUser');
INSERT INTO `t_syslog` VALUES (356, 'system', '2020-07-23 02:51:01', 'system', '2020-07-23 02:51:01', 4, '127.0.0.1', '查看文章', '{}', 'GET', '/blog/5', 'anonymousUser');
INSERT INTO `t_syslog` VALUES (357, 'system', '2020-07-23 02:53:41', 'system', '2020-07-23 02:53:41', 6, '127.0.0.1', '查看文章', '{}', 'GET', '/blog/5', 'anonymousUser');
INSERT INTO `t_syslog` VALUES (358, 'system', '2020-07-23 02:54:03', 'system', '2020-07-23 02:54:03', 3, '127.0.0.1', '查看文章', '{}', 'GET', '/blog/5', 'anonymousUser');
INSERT INTO `t_syslog` VALUES (359, 'system', '2020-07-23 02:55:06', 'system', '2020-07-23 02:55:06', 19, '127.0.0.1', '查看文章', '{}', 'GET', '/blog/2', 'anonymousUser');
INSERT INTO `t_syslog` VALUES (360, 'system', '2020-07-23 02:57:01', 'system', '2020-07-23 02:57:01', 3, '127.0.0.1', '查看文章', '{}', 'GET', '/blog/5', 'anonymousUser');
INSERT INTO `t_syslog` VALUES (361, 'system', '2020-07-23 02:58:32', 'system', '2020-07-23 02:58:32', 2, '127.0.0.1', '查看文章', '{}', 'GET', '/blog/5', 'anonymousUser');
INSERT INTO `t_syslog` VALUES (362, 'system', '2020-07-23 02:59:01', 'system', '2020-07-23 02:59:01', 2, '127.0.0.1', '查看文章', '{}', 'GET', '/blog/5', 'anonymousUser');
INSERT INTO `t_syslog` VALUES (363, 'system', '2020-07-23 02:59:28', 'system', '2020-07-23 02:59:28', 2, '127.0.0.1', '查看文章', '{}', 'GET', '/blog/5', 'anonymousUser');
INSERT INTO `t_syslog` VALUES (364, 'system', '2020-07-23 02:59:59', 'system', '2020-07-23 02:59:59', 6, '127.0.0.1', '查看文章', '{}', 'GET', '/blog/5', 'anonymousUser');
INSERT INTO `t_syslog` VALUES (365, 'system', '2020-07-23 03:00:29', 'system', '2020-07-23 03:00:29', 3, '127.0.0.1', '查看文章', '{}', 'GET', '/blog/5', 'anonymousUser');
INSERT INTO `t_syslog` VALUES (366, 'system', '2020-07-23 03:01:08', 'system', '2020-07-23 03:01:08', 2, '127.0.0.1', '查看文章', '{}', 'GET', '/blog/2', 'anonymousUser');
INSERT INTO `t_syslog` VALUES (367, 'system', '2020-07-23 03:03:28', 'system', '2020-07-23 03:03:28', 5, '127.0.0.1', '查看文章', '{}', 'GET', '/blog/5', 'anonymousUser');
INSERT INTO `t_syslog` VALUES (368, 'system', '2020-07-23 03:04:03', 'system', '2020-07-23 03:04:03', 3, '127.0.0.1', '查看文章', '{}', 'GET', '/blog/5', 'anonymousUser');
INSERT INTO `t_syslog` VALUES (369, 'system', '2020-07-23 03:04:55', 'system', '2020-07-23 03:04:55', 3, '127.0.0.1', '查看文章', '{}', 'GET', '/blog/2', 'anonymousUser');
INSERT INTO `t_syslog` VALUES (370, 'system', '2020-07-23 03:06:15', 'system', '2020-07-23 03:06:15', 6, '127.0.0.1', '查看文章', '{}', 'GET', '/blog/2', 'anonymousUser');
INSERT INTO `t_syslog` VALUES (371, 'system', '2020-07-23 03:06:48', 'system', '2020-07-23 03:06:48', 1, '127.0.0.1', '查看文章', '{}', 'GET', '/blog/2', 'anonymousUser');
INSERT INTO `t_syslog` VALUES (372, 'system', '2020-07-23 03:08:27', 'system', '2020-07-23 03:08:27', 10, '127.0.0.1', '查看文章', '{}', 'GET', '/blog/2', 'anonymousUser');
INSERT INTO `t_syslog` VALUES (373, 'system', '2020-07-23 03:09:16', 'system', '2020-07-23 03:09:16', 2, '127.0.0.1', '查看文章', '{}', 'GET', '/blog/2', 'anonymousUser');
INSERT INTO `t_syslog` VALUES (374, 'system', '2020-07-23 03:13:10', 'system', '2020-07-23 03:13:10', 4, '127.0.0.1', '查看文章', '{}', 'GET', '/blog/2', 'anonymousUser');
INSERT INTO `t_syslog` VALUES (375, 'system', '2020-07-23 03:13:22', 'system', '2020-07-23 03:13:22', 2, '127.0.0.1', '查看文章', '{}', 'GET', '/blog/2', 'anonymousUser');
INSERT INTO `t_syslog` VALUES (376, 'system', '2020-07-23 03:13:33', 'system', '2020-07-23 03:13:33', 2, '127.0.0.1', '查看文章', '{}', 'GET', '/blog/2', 'anonymousUser');
INSERT INTO `t_syslog` VALUES (377, 'system', '2020-07-23 03:13:52', 'system', '2020-07-23 03:13:52', 2, '127.0.0.1', '查看文章', '{}', 'GET', '/blog/2', 'anonymousUser');
INSERT INTO `t_syslog` VALUES (378, 'system', '2020-07-23 03:14:30', 'system', '2020-07-23 03:14:30', 8, '127.0.0.1', '查看文章', '{}', 'GET', '/blog/2', 'anonymousUser');
INSERT INTO `t_syslog` VALUES (379, 'system', '2020-07-23 03:15:57', 'system', '2020-07-23 03:15:57', 2, '127.0.0.1', '查看文章', '{}', 'GET', '/blog/5', 'anonymousUser');
INSERT INTO `t_syslog` VALUES (380, 'system', '2020-07-23 03:18:41', 'system', '2020-07-23 03:18:41', 3, '127.0.0.1', '查看文章', '{}', 'GET', '/blog/2', 'anonymousUser');
INSERT INTO `t_syslog` VALUES (381, 'system', '2020-07-23 03:19:10', 'system', '2020-07-23 03:19:10', 4, '127.0.0.1', '查看文章', '{}', 'GET', '/blog/2', 'anonymousUser');
INSERT INTO `t_syslog` VALUES (382, 'system', '2020-07-23 03:21:03', 'system', '2020-07-23 03:21:03', 5, '127.0.0.1', '查看文章', '{}', 'GET', '/blog/2', 'anonymousUser');
INSERT INTO `t_syslog` VALUES (383, 'system', '2020-07-23 03:21:38', 'system', '2020-07-23 03:21:38', 3, '127.0.0.1', '查看文章', '{}', 'GET', '/blog/2', 'anonymousUser');
INSERT INTO `t_syslog` VALUES (384, 'system', '2020-07-23 03:22:33', 'system', '2020-07-23 03:22:33', 3, '127.0.0.1', '查看文章', '{}', 'GET', '/blog/2', 'anonymousUser');
INSERT INTO `t_syslog` VALUES (385, 'system', '2020-07-23 03:23:01', 'system', '2020-07-23 03:23:01', 2, '127.0.0.1', '查看文章', '{}', 'GET', '/blog/2', 'anonymousUser');
INSERT INTO `t_syslog` VALUES (386, 'system', '2020-07-23 03:23:20', 'system', '2020-07-23 03:23:20', 2, '127.0.0.1', '查看文章', '{}', 'GET', '/blog/2', 'anonymousUser');
INSERT INTO `t_syslog` VALUES (387, 'system', '2020-07-23 03:23:43', 'system', '2020-07-23 03:23:43', 2, '127.0.0.1', '查看文章', '{}', 'GET', '/blog/2', 'anonymousUser');
INSERT INTO `t_syslog` VALUES (388, 'system', '2020-07-23 03:24:45', 'system', '2020-07-23 03:24:45', 2, '127.0.0.1', '查看文章', '{}', 'GET', '/blog/2', 'anonymousUser');
INSERT INTO `t_syslog` VALUES (389, 'system', '2020-07-23 03:25:13', 'system', '2020-07-23 03:25:13', 2, '127.0.0.1', '查看文章', '{}', 'GET', '/blog/2', 'anonymousUser');
INSERT INTO `t_syslog` VALUES (390, 'system', '2020-07-23 03:25:36', 'system', '2020-07-23 03:25:36', 6, '127.0.0.1', '查看文章', '{}', 'GET', '/blog/2', 'anonymousUser');
INSERT INTO `t_syslog` VALUES (391, 'system', '2020-07-23 03:26:19', 'system', '2020-07-23 03:26:19', 7, '127.0.0.1', '查看文章', '{}', 'GET', '/blog/5', 'anonymousUser');
INSERT INTO `t_syslog` VALUES (392, 'system', '2020-07-23 03:27:17', 'system', '2020-07-23 03:27:17', 2, '127.0.0.1', '查看文章', '{}', 'GET', '/blog/5', 'anonymousUser');
INSERT INTO `t_syslog` VALUES (393, 'system', '2020-07-23 03:27:29', 'system', '2020-07-23 03:27:29', 3, '127.0.0.1', '查看文章', '{}', 'GET', '/blog/5', 'anonymousUser');
INSERT INTO `t_syslog` VALUES (394, 'system', '2020-07-23 03:27:49', 'system', '2020-07-23 03:27:49', 2, '127.0.0.1', '查看文章', '{}', 'GET', '/blog/5', 'anonymousUser');
INSERT INTO `t_syslog` VALUES (395, 'system', '2020-07-23 03:28:06', 'system', '2020-07-23 03:28:06', 2, '127.0.0.1', '查看文章', '{}', 'GET', '/blog/5', 'anonymousUser');
INSERT INTO `t_syslog` VALUES (396, 'system', '2020-07-23 03:28:18', 'system', '2020-07-23 03:28:18', 4, '127.0.0.1', '查看文章', '{}', 'GET', '/blog/5', 'anonymousUser');
INSERT INTO `t_syslog` VALUES (397, 'system', '2020-07-23 03:28:52', 'system', '2020-07-23 03:28:52', 5, '127.0.0.1', '查看文章', '{}', 'GET', '/blog/5', 'anonymousUser');
INSERT INTO `t_syslog` VALUES (398, 'system', '2020-07-23 03:29:15', 'system', '2020-07-23 03:29:15', 2, '127.0.0.1', '查看文章', '{}', 'GET', '/blog/5', 'anonymousUser');
INSERT INTO `t_syslog` VALUES (399, 'system', '2020-07-23 03:29:41', 'system', '2020-07-23 03:29:41', 6, '127.0.0.1', '查看文章', '{}', 'GET', '/blog/5', 'anonymousUser');
INSERT INTO `t_syslog` VALUES (400, 'system', '2020-07-23 03:30:53', 'system', '2020-07-23 03:30:53', 4, '127.0.0.1', '查看文章', '{}', 'GET', '/blog/2', 'anonymousUser');
INSERT INTO `t_syslog` VALUES (401, 'system', '2020-07-23 03:31:09', 'system', '2020-07-23 03:31:09', 3, '127.0.0.1', '查看文章', '{}', 'GET', '/blog/2', 'anonymousUser');
INSERT INTO `t_syslog` VALUES (402, 'system', '2020-07-23 03:31:39', 'system', '2020-07-23 03:31:39', 2, '127.0.0.1', '查看文章', '{}', 'GET', '/blog/2', 'anonymousUser');
INSERT INTO `t_syslog` VALUES (403, 'system', '2020-07-23 03:31:48', 'system', '2020-07-23 03:31:48', 3, '127.0.0.1', '查看文章', '{}', 'GET', '/blog/2', 'anonymousUser');
INSERT INTO `t_syslog` VALUES (404, 'system', '2020-07-23 03:33:02', 'system', '2020-07-23 03:33:02', 2, '127.0.0.1', '查看文章', '{}', 'GET', '/blog/2', 'anonymousUser');
INSERT INTO `t_syslog` VALUES (405, 'system', '2020-07-23 03:33:20', 'system', '2020-07-23 03:33:20', 0, '127.0.0.1', '查看文章', '{}', 'GET', '/blog/5', 'anonymousUser');
INSERT INTO `t_syslog` VALUES (406, 'system', '2020-07-23 03:33:22', 'system', '2020-07-23 03:33:22', 1, '127.0.0.1', '查看文章', '{}', 'GET', '/blog/4', 'anonymousUser');
INSERT INTO `t_syslog` VALUES (407, 'system', '2020-07-23 03:33:29', 'system', '2020-07-23 03:33:29', 2, '127.0.0.1', '查看文章', '{}', 'GET', '/blog/4', 'anonymousUser');
INSERT INTO `t_syslog` VALUES (408, 'system', '2020-07-23 03:34:12', 'system', '2020-07-23 03:34:12', 2, '127.0.0.1', '查看文章', '{}', 'GET', '/blog/4', 'anonymousUser');
INSERT INTO `t_syslog` VALUES (409, 'system', '2020-07-23 03:34:30', 'system', '2020-07-23 03:34:30', 2, '127.0.0.1', '查看文章', '{}', 'GET', '/blog/4', 'anonymousUser');
INSERT INTO `t_syslog` VALUES (410, 'system', '2020-07-23 03:34:34', 'system', '2020-07-23 03:34:34', 2, '127.0.0.1', '查看文章', '{}', 'GET', '/blog/5', 'anonymousUser');
INSERT INTO `t_syslog` VALUES (411, 'system', '2020-07-23 03:36:15', 'system', '2020-07-23 03:36:15', 1, '127.0.0.1', '查看文章', '{}', 'GET', '/blog/5', 'anonymousUser');
INSERT INTO `t_syslog` VALUES (412, 'system', '2020-07-23 03:36:16', 'system', '2020-07-23 03:36:16', 2, '127.0.0.1', '查看文章', '{}', 'GET', '/blog/5', 'anonymousUser');
INSERT INTO `t_syslog` VALUES (413, 'system', '2020-07-23 03:36:19', 'system', '2020-07-23 03:36:19', 3, '127.0.0.1', '查看文章', '{}', 'GET', '/blog/4', 'anonymousUser');
INSERT INTO `t_syslog` VALUES (414, 'system', '2020-07-23 03:36:20', 'system', '2020-07-23 03:36:20', 2, '127.0.0.1', '查看文章', '{}', 'GET', '/blog/4', 'anonymousUser');
INSERT INTO `t_syslog` VALUES (415, 'system', '2020-07-23 03:36:37', 'system', '2020-07-23 03:36:37', 2, '127.0.0.1', '查看文章', '{}', 'GET', '/blog/4', 'anonymousUser');
INSERT INTO `t_syslog` VALUES (416, 'system', '2020-07-23 03:36:41', 'system', '2020-07-23 03:36:41', 3, '127.0.0.1', '查看文章', '{}', 'GET', '/blog/5', 'anonymousUser');
INSERT INTO `t_syslog` VALUES (417, 'system', '2020-07-23 03:36:59', 'system', '2020-07-23 03:36:59', 4, '127.0.0.1', '查看文章', '{}', 'GET', '/blog/5', 'anonymousUser');
INSERT INTO `t_syslog` VALUES (418, 'system', '2020-07-23 03:37:02', 'system', '2020-07-23 03:37:02', 4, '127.0.0.1', '查看文章', '{}', 'GET', '/blog/4', 'anonymousUser');
INSERT INTO `t_syslog` VALUES (419, 'system', '2020-07-23 03:37:10', 'system', '2020-07-23 03:37:10', 2, '127.0.0.1', '查看文章', '{}', 'GET', '/blog/4', 'anonymousUser');
INSERT INTO `t_syslog` VALUES (420, 'system', '2020-07-23 03:44:35', 'system', '2020-07-23 03:44:35', 4, '127.0.0.1', '查看文章', '{}', 'GET', '/blog/5', 'anonymousUser');
INSERT INTO `t_syslog` VALUES (421, 'system', '2020-07-23 03:44:39', 'system', '2020-07-23 03:44:39', 2, '127.0.0.1', '查看文章', '{}', 'GET', '/blog/5', 'anonymousUser');
INSERT INTO `t_syslog` VALUES (422, 'system', '2020-07-23 03:44:43', 'system', '2020-07-23 03:44:43', 2, '127.0.0.1', '查看文章', '{}', 'GET', '/blog/5', 'anonymousUser');
INSERT INTO `t_syslog` VALUES (423, 'system', '2020-07-23 03:44:47', 'system', '2020-07-23 03:44:47', 1, '127.0.0.1', '查看文章', '{}', 'GET', '/blog/4', 'anonymousUser');
INSERT INTO `t_syslog` VALUES (424, 'system', '2020-07-23 03:44:49', 'system', '2020-07-23 03:44:49', 1, '127.0.0.1', '查看文章', '{}', 'GET', '/blog/4', 'anonymousUser');
INSERT INTO `t_syslog` VALUES (425, 'system', '2020-07-23 03:47:20', 'system', '2020-07-23 03:47:20', 2, '127.0.0.1', '查看文章', '{}', 'GET', '/blog/5', 'anonymousUser');
INSERT INTO `t_syslog` VALUES (426, 'system', '2020-07-23 03:47:24', 'system', '2020-07-23 03:47:24', 2, '127.0.0.1', '查看文章', '{}', 'GET', '/blog/4', 'anonymousUser');
INSERT INTO `t_syslog` VALUES (427, 'system', '2020-07-23 03:47:26', 'system', '2020-07-23 03:47:26', 4, '127.0.0.1', '查看文章', '{}', 'GET', '/blog/4', 'anonymousUser');
INSERT INTO `t_syslog` VALUES (428, 'system', '2020-07-23 03:48:40', 'system', '2020-07-23 03:48:40', 7, '127.0.0.1', '查看文章', '{}', 'GET', '/blog/5', 'anonymousUser');
INSERT INTO `t_syslog` VALUES (429, 'system', '2020-07-23 03:48:51', 'system', '2020-07-23 03:48:51', 3, '127.0.0.1', '查看文章', '{}', 'GET', '/blog/4', 'anonymousUser');
INSERT INTO `t_syslog` VALUES (430, 'system', '2020-07-23 03:49:09', 'system', '2020-07-23 03:49:09', 1, '127.0.0.1', '查看文章', '{}', 'GET', '/blog/4', 'anonymousUser');
INSERT INTO `t_syslog` VALUES (431, 'system', '2020-07-23 03:49:11', 'system', '2020-07-23 03:49:11', 22, '127.0.0.1', '查看文章', '{}', 'GET', '/blog/4', 'anonymousUser');
INSERT INTO `t_syslog` VALUES (432, 'system', '2020-07-23 03:49:13', 'system', '2020-07-23 03:49:13', 4, '127.0.0.1', '查看文章', '{}', 'GET', '/blog/4', 'anonymousUser');
INSERT INTO `t_syslog` VALUES (433, 'system', '2020-07-23 03:49:39', 'system', '2020-07-23 03:49:39', 3, '127.0.0.1', '查看文章', '{}', 'GET', '/blog/4', 'anonymousUser');
INSERT INTO `t_syslog` VALUES (434, 'system', '2020-07-23 03:49:43', 'system', '2020-07-23 03:49:43', 2, '127.0.0.1', '查看文章', '{}', 'GET', '/blog/5', 'anonymousUser');
INSERT INTO `t_syslog` VALUES (435, 'system', '2020-07-23 03:50:31', 'system', '2020-07-23 03:50:31', 2, '127.0.0.1', '查看文章', '{}', 'GET', '/blog/4', 'anonymousUser');
INSERT INTO `t_syslog` VALUES (436, 'system', '2020-07-23 03:50:52', 'system', '2020-07-23 03:50:52', 2, '127.0.0.1', '查看文章', '{}', 'GET', '/blog/4', 'anonymousUser');
INSERT INTO `t_syslog` VALUES (437, 'system', '2020-07-23 03:51:36', 'system', '2020-07-23 03:51:36', 2, '127.0.0.1', '查看文章', '{}', 'GET', '/blog/4', 'anonymousUser');
INSERT INTO `t_syslog` VALUES (438, 'system', '2020-07-23 03:51:41', 'system', '2020-07-23 03:51:41', 2, '127.0.0.1', '查看文章', '{}', 'GET', '/blog/4', 'anonymousUser');
INSERT INTO `t_syslog` VALUES (439, 'system', '2020-07-24 00:33:59', 'system', '2020-07-24 00:33:59', 335, '127.0.0.1', '查看文章', '{}', 'GET', '/blog/2', '故事');
INSERT INTO `t_syslog` VALUES (440, 'system', '2020-07-24 00:36:37', 'system', '2020-07-24 00:36:37', 8, '127.0.0.1', '查看文章', '{}', 'GET', '/blog/2', '故事');
INSERT INTO `t_syslog` VALUES (441, 'system', '2020-07-24 00:42:10', 'system', '2020-07-24 00:42:10', 41, '127.0.0.1', '查看文章', '{}', 'GET', '/blog/2', '故事');
INSERT INTO `t_syslog` VALUES (442, 'system', '2020-07-24 00:54:25', 'system', '2020-07-24 00:54:25', 469, '127.0.0.1', '查看文章', '{}', 'GET', '/blog/4', 'anonymousUser');
INSERT INTO `t_syslog` VALUES (443, 'system', '2020-07-24 00:55:06', 'system', '2020-07-24 00:55:06', 33, '127.0.0.1', '查看文章', '{}', 'GET', '/blog/4', 'anonymousUser');
INSERT INTO `t_syslog` VALUES (444, 'system', '2020-07-24 00:55:46', 'system', '2020-07-24 00:55:46', 85, '127.0.0.1', '查看文章', '{}', 'GET', '/blog/1', 'anonymousUser');
INSERT INTO `t_syslog` VALUES (445, 'system', '2020-07-24 01:01:48', 'system', '2020-07-24 01:01:48', 64, '127.0.0.1', '查看文章', '{}', 'GET', '/blog/2', '故事');
INSERT INTO `t_syslog` VALUES (446, 'system', '2020-07-24 01:02:16', 'system', '2020-07-24 01:02:16', 27, '127.0.0.1', '查看文章', '{}', 'GET', '/blog/5', '故事');
INSERT INTO `t_syslog` VALUES (447, 'system', '2020-07-24 02:50:40', 'system', '2020-07-24 02:50:40', 306, '127.0.0.1', '查看文章', '{}', 'GET', '/blog/2', 'anonymousUser');
INSERT INTO `t_syslog` VALUES (448, 'system', '2020-07-24 03:01:48', 'system', '2020-07-24 03:01:48', 383, '127.0.0.1', '查看文章', '{}', 'GET', '/blog/5', 'anonymousUser');
INSERT INTO `t_syslog` VALUES (449, 'system', '2020-07-24 03:07:37', 'system', '2020-07-24 03:07:37', 48, '127.0.0.1', '查看文章', '{}', 'GET', '/blog/5', 'anonymousUser');
INSERT INTO `t_syslog` VALUES (450, 'system', '2020-07-24 03:11:08', 'system', '2020-07-24 03:11:08', 406, '127.0.0.1', '查看文章', '{}', 'GET', '/blog/5', 'anonymousUser');
INSERT INTO `t_syslog` VALUES (451, 'system', '2020-07-24 03:11:10', 'system', '2020-07-24 03:11:10', 274, '127.0.0.1', '查看文章', '{}', 'GET', '/blog/5', 'anonymousUser');
INSERT INTO `t_syslog` VALUES (452, 'system', '2020-07-24 03:11:11', 'system', '2020-07-24 03:11:11', 3, '127.0.0.1', '查看文章', '{}', 'GET', '/blog/5', 'anonymousUser');
INSERT INTO `t_syslog` VALUES (453, 'system', '2020-07-24 03:11:12', 'system', '2020-07-24 03:11:12', 4, '127.0.0.1', '查看文章', '{}', 'GET', '/blog/5', 'anonymousUser');
INSERT INTO `t_syslog` VALUES (454, 'system', '2020-07-24 03:11:12', 'system', '2020-07-24 03:11:12', 4, '127.0.0.1', '查看文章', '{}', 'GET', '/blog/5', 'anonymousUser');
INSERT INTO `t_syslog` VALUES (455, 'system', '2020-07-24 03:11:15', 'system', '2020-07-24 03:11:15', 19, '127.0.0.1', '查看文章', '{}', 'GET', '/blog/4', 'anonymousUser');
INSERT INTO `t_syslog` VALUES (456, 'system', '2020-07-24 03:11:16', 'system', '2020-07-24 03:11:16', 9, '127.0.0.1', '查看文章', '{}', 'GET', '/blog/4', 'anonymousUser');
INSERT INTO `t_syslog` VALUES (457, 'system', '2020-07-24 03:11:18', 'system', '2020-07-24 03:11:18', 8, '127.0.0.1', '查看文章', '{}', 'GET', '/blog/5', 'anonymousUser');
INSERT INTO `t_syslog` VALUES (458, 'system', '2020-07-24 03:11:20', 'system', '2020-07-24 03:11:20', 3, '127.0.0.1', '查看文章', '{}', 'GET', '/blog/4', 'anonymousUser');
INSERT INTO `t_syslog` VALUES (459, 'system', '2020-07-24 03:11:27', 'system', '2020-07-24 03:11:27', 7, '127.0.0.1', '查看文章', '{}', 'GET', '/blog/5', 'anonymousUser');
INSERT INTO `t_syslog` VALUES (460, 'system', '2020-07-24 12:43:07', 'system', '2020-07-24 12:43:07', 358, '127.0.0.1', '查看文章', '{}', 'GET', '/blog/2', 'anonymousUser');
INSERT INTO `t_syslog` VALUES (461, 'system', '2020-07-24 12:44:01', 'system', '2020-07-24 12:44:01', 82, '127.0.0.1', '查看文章', '{}', 'GET', '/blog/2', 'anonymousUser');
INSERT INTO `t_syslog` VALUES (462, 'system', '2020-07-24 12:44:02', 'system', '2020-07-24 12:44:02', 8, '127.0.0.1', '查看文章', '{}', 'GET', '/blog/2', 'anonymousUser');
INSERT INTO `t_syslog` VALUES (463, 'system', '2020-07-24 12:44:03', 'system', '2020-07-24 12:44:03', 4, '127.0.0.1', '查看文章', '{}', 'GET', '/blog/2', 'anonymousUser');
INSERT INTO `t_syslog` VALUES (464, 'system', '2020-07-24 12:44:03', 'system', '2020-07-24 12:44:03', 7, '127.0.0.1', '查看文章', '{}', 'GET', '/blog/2', 'anonymousUser');
INSERT INTO `t_syslog` VALUES (465, 'system', '2020-07-24 12:44:03', 'system', '2020-07-24 12:44:03', 8, '127.0.0.1', '查看文章', '{}', 'GET', '/blog/2', 'anonymousUser');
INSERT INTO `t_syslog` VALUES (466, 'system', '2020-07-24 12:44:04', 'system', '2020-07-24 12:44:04', 4, '127.0.0.1', '查看文章', '{}', 'GET', '/blog/2', 'anonymousUser');
INSERT INTO `t_syslog` VALUES (467, 'system', '2020-07-24 12:44:04', 'system', '2020-07-24 12:44:04', 57, '127.0.0.1', '查看文章', '{}', 'GET', '/blog/2', 'anonymousUser');
INSERT INTO `t_syslog` VALUES (468, 'system', '2020-07-24 12:44:39', 'system', '2020-07-24 12:44:39', 7, '127.0.0.1', '查看文章', '{}', 'GET', '/blog/2', 'anonymousUser');
INSERT INTO `t_syslog` VALUES (469, 'system', '2020-07-24 12:44:40', 'system', '2020-07-24 12:44:40', 6, '127.0.0.1', '查看文章', '{}', 'GET', '/blog/2', 'anonymousUser');
INSERT INTO `t_syslog` VALUES (470, 'system', '2020-07-24 12:44:40', 'system', '2020-07-24 12:44:40', 6, '127.0.0.1', '查看文章', '{}', 'GET', '/blog/2', 'anonymousUser');
INSERT INTO `t_syslog` VALUES (471, 'system', '2020-07-24 12:44:43', 'system', '2020-07-24 12:44:43', 5, '127.0.0.1', '查看文章', '{}', 'GET', '/blog/2', 'anonymousUser');
INSERT INTO `t_syslog` VALUES (472, 'system', '2020-07-24 12:44:45', 'system', '2020-07-24 12:44:45', 9, '127.0.0.1', '查看文章', '{}', 'GET', '/blog/2', 'anonymousUser');
INSERT INTO `t_syslog` VALUES (473, 'system', '2020-07-24 12:45:17', 'system', '2020-07-24 12:45:17', 54, '127.0.0.1', '查看文章', '{}', 'GET', '/blog/2', 'anonymousUser');
INSERT INTO `t_syslog` VALUES (474, 'system', '2020-07-24 12:55:02', 'system', '2020-07-24 12:55:02', 66, '127.0.0.1', '查看文章', '{}', 'GET', '/blog/2', 'anonymousUser');
INSERT INTO `t_syslog` VALUES (475, 'system', '2020-07-24 12:55:14', 'system', '2020-07-24 12:55:14', 29, '127.0.0.1', '查看文章', '{}', 'GET', '/blog/2', 'anonymousUser');
INSERT INTO `t_syslog` VALUES (476, 'system', '2020-07-24 13:01:26', 'system', '2020-07-24 13:01:26', 66, '127.0.0.1', '查看文章', '{}', 'GET', '/blog/2', 'anonymousUser');
INSERT INTO `t_syslog` VALUES (477, 'system', '2020-07-24 13:03:40', 'system', '2020-07-24 13:03:40', 38, '127.0.0.1', '查看文章', '{}', 'GET', '/blog/2', 'anonymousUser');
INSERT INTO `t_syslog` VALUES (478, 'system', '2020-07-24 13:03:50', 'system', '2020-07-24 13:03:50', 16, '127.0.0.1', '查看文章', '{}', 'GET', '/blog/2', 'anonymousUser');
INSERT INTO `t_syslog` VALUES (479, 'system', '2020-07-24 13:03:59', 'system', '2020-07-24 13:03:59', 5, '127.0.0.1', '查看文章', '{}', 'GET', '/blog/2', 'anonymousUser');
INSERT INTO `t_syslog` VALUES (480, 'system', '2020-07-24 13:04:04', 'system', '2020-07-24 13:04:04', 3, '127.0.0.1', '查看文章', '{}', 'GET', '/blog/2', 'anonymousUser');
INSERT INTO `t_syslog` VALUES (481, 'system', '2020-07-24 13:04:08', 'system', '2020-07-24 13:04:08', 9, '127.0.0.1', '查看文章', '{}', 'GET', '/blog/2', 'anonymousUser');
INSERT INTO `t_syslog` VALUES (482, 'system', '2020-07-24 14:22:16', 'system', '2020-07-24 14:22:16', 887, '127.0.0.1', '查看文章', '{}', 'GET', '/blog/5', 'anonymousUser');
INSERT INTO `t_syslog` VALUES (483, 'system', '2020-07-24 14:22:17', 'system', '2020-07-24 14:22:17', 22, '127.0.0.1', '查看文章', '{}', 'GET', '/blog/2', 'anonymousUser');
INSERT INTO `t_syslog` VALUES (484, 'system', '2020-07-24 14:22:19', 'system', '2020-07-24 14:22:19', 134, '127.0.0.1', '查看文章', '{}', 'GET', '/blog/1', 'anonymousUser');
INSERT INTO `t_syslog` VALUES (485, 'system', '2020-07-24 14:22:21', 'system', '2020-07-24 14:22:21', 11, '127.0.0.1', '查看文章', '{}', 'GET', '/blog/5', 'anonymousUser');
INSERT INTO `t_syslog` VALUES (486, 'system', '2020-07-24 14:22:22', 'system', '2020-07-24 14:22:22', 5, '127.0.0.1', '查看文章', '{}', 'GET', '/blog/5', 'anonymousUser');
INSERT INTO `t_syslog` VALUES (487, 'system', '2020-07-24 14:22:23', 'system', '2020-07-24 14:22:23', 7, '127.0.0.1', '查看文章', '{}', 'GET', '/blog/5', 'anonymousUser');
INSERT INTO `t_syslog` VALUES (488, 'system', '2020-07-24 14:22:24', 'system', '2020-07-24 14:22:24', 7, '127.0.0.1', '查看文章', '{}', 'GET', '/blog/2', 'anonymousUser');
INSERT INTO `t_syslog` VALUES (489, 'system', '2020-07-24 14:22:25', 'system', '2020-07-24 14:22:25', 5, '127.0.0.1', '查看文章', '{}', 'GET', '/blog/2', 'anonymousUser');
INSERT INTO `t_syslog` VALUES (490, 'system', '2020-07-24 14:22:26', 'system', '2020-07-24 14:22:26', 16, '127.0.0.1', '查看文章', '{}', 'GET', '/blog/1', 'anonymousUser');
INSERT INTO `t_syslog` VALUES (491, 'system', '2020-07-24 14:22:27', 'system', '2020-07-24 14:22:27', 4, '127.0.0.1', '查看文章', '{}', 'GET', '/blog/1', 'anonymousUser');
INSERT INTO `t_syslog` VALUES (492, 'system', '2020-07-24 14:22:27', 'system', '2020-07-24 14:22:27', 3, '127.0.0.1', '查看文章', '{}', 'GET', '/blog/1', 'anonymousUser');
INSERT INTO `t_syslog` VALUES (493, 'system', '2020-07-24 14:22:27', 'system', '2020-07-24 14:22:27', 5, '127.0.0.1', '查看文章', '{}', 'GET', '/blog/1', 'anonymousUser');
INSERT INTO `t_syslog` VALUES (494, 'system', '2020-07-24 14:22:27', 'system', '2020-07-24 14:22:27', 10, '127.0.0.1', '查看文章', '{}', 'GET', '/blog/1', 'anonymousUser');
INSERT INTO `t_syslog` VALUES (495, 'system', '2020-07-24 14:22:27', 'system', '2020-07-24 14:22:27', 7, '127.0.0.1', '查看文章', '{}', 'GET', '/blog/1', 'anonymousUser');
INSERT INTO `t_syslog` VALUES (496, 'system', '2020-07-24 14:22:28', 'system', '2020-07-24 14:22:28', 8, '127.0.0.1', '查看文章', '{}', 'GET', '/blog/1', 'anonymousUser');
INSERT INTO `t_syslog` VALUES (497, 'system', '2020-07-24 14:22:28', 'system', '2020-07-24 14:22:28', 4, '127.0.0.1', '查看文章', '{}', 'GET', '/blog/1', 'anonymousUser');
INSERT INTO `t_syslog` VALUES (498, 'system', '2020-07-24 14:22:28', 'system', '2020-07-24 14:22:28', 6, '127.0.0.1', '查看文章', '{}', 'GET', '/blog/1', 'anonymousUser');
INSERT INTO `t_syslog` VALUES (499, 'system', '2020-07-25 00:36:24', 'system', '2020-07-25 00:36:24', 553, '127.0.0.1', '查看文章', '{}', 'GET', '/blog/5', 'anonymousUser');
INSERT INTO `t_syslog` VALUES (500, 'system', '2020-07-25 00:36:40', 'system', '2020-07-25 00:36:40', 25, '127.0.0.1', '查看文章', '{}', 'GET', '/blog/4', 'anonymousUser');
INSERT INTO `t_syslog` VALUES (501, 'system', '2020-07-25 00:36:42', 'system', '2020-07-25 00:36:42', 25, '127.0.0.1', '查看文章', '{}', 'GET', '/blog/5', 'anonymousUser');
INSERT INTO `t_syslog` VALUES (502, 'system', '2020-07-25 00:36:43', 'system', '2020-07-25 00:36:43', 15, '127.0.0.1', '查看文章', '{}', 'GET', '/blog/4', 'anonymousUser');
INSERT INTO `t_syslog` VALUES (503, 'system', '2020-07-25 00:36:44', 'system', '2020-07-25 00:36:44', 3, '127.0.0.1', '查看文章', '{}', 'GET', '/blog/5', 'anonymousUser');
INSERT INTO `t_syslog` VALUES (504, 'system', '2020-07-25 00:36:45', 'system', '2020-07-25 00:36:45', 5, '127.0.0.1', '查看文章', '{}', 'GET', '/blog/5', 'anonymousUser');
INSERT INTO `t_syslog` VALUES (505, 'system', '2020-07-25 00:36:46', 'system', '2020-07-25 00:36:46', 4, '127.0.0.1', '查看文章', '{}', 'GET', '/blog/4', 'anonymousUser');
INSERT INTO `t_syslog` VALUES (506, 'system', '2020-07-25 00:36:47', 'system', '2020-07-25 00:36:47', 7, '127.0.0.1', '查看文章', '{}', 'GET', '/blog/4', 'anonymousUser');
INSERT INTO `t_syslog` VALUES (507, 'system', '2020-07-25 01:13:54', 'system', '2020-07-25 01:13:54', 47, '127.0.0.1', '查看文章', '{}', 'GET', '/blog/4', 'anonymousUser');
INSERT INTO `t_syslog` VALUES (508, 'system', '2020-07-25 01:14:01', 'system', '2020-07-25 01:14:01', 17, '127.0.0.1', '查看文章', '{}', 'GET', '/blog/5', 'anonymousUser');
INSERT INTO `t_syslog` VALUES (509, 'system', '2020-07-25 01:14:02', 'system', '2020-07-25 01:14:02', 3, '127.0.0.1', '查看文章', '{}', 'GET', '/blog/4', 'anonymousUser');
INSERT INTO `t_syslog` VALUES (510, 'system', '2020-07-25 01:14:07', 'system', '2020-07-25 01:14:07', 88, '127.0.0.1', '查看文章', '{}', 'GET', '/blog/2', 'anonymousUser');
INSERT INTO `t_syslog` VALUES (511, 'system', '2020-07-25 01:14:08', 'system', '2020-07-25 01:14:08', 16, '127.0.0.1', '查看文章', '{}', 'GET', '/blog/2', 'anonymousUser');
INSERT INTO `t_syslog` VALUES (512, 'system', '2020-07-25 01:14:09', 'system', '2020-07-25 01:14:09', 6, '127.0.0.1', '查看文章', '{}', 'GET', '/blog/2', 'anonymousUser');
INSERT INTO `t_syslog` VALUES (513, 'system', '2020-07-25 01:14:10', 'system', '2020-07-25 01:14:10', 10, '127.0.0.1', '查看文章', '{}', 'GET', '/blog/2', 'anonymousUser');
INSERT INTO `t_syslog` VALUES (514, 'system', '2020-07-25 01:18:36', 'system', '2020-07-25 01:18:36', 17, '127.0.0.1', '查看文章', '{}', 'GET', '/blog/2', 'anonymousUser');
INSERT INTO `t_syslog` VALUES (515, 'system', '2020-07-25 01:19:04', 'system', '2020-07-25 01:19:04', 8, '127.0.0.1', '查看文章', '{}', 'GET', '/blog/2', 'anonymousUser');
INSERT INTO `t_syslog` VALUES (516, 'system', '2020-07-25 01:19:20', 'system', '2020-07-25 01:19:20', 5, '127.0.0.1', '查看文章', '{}', 'GET', '/blog/4', 'anonymousUser');
INSERT INTO `t_syslog` VALUES (517, 'system', '2020-07-25 01:22:04', 'system', '2020-07-25 01:22:04', 52, '127.0.0.1', '查看文章', '{}', 'GET', '/blog/4', 'anonymousUser');
INSERT INTO `t_syslog` VALUES (518, 'system', '2020-07-25 01:22:10', 'system', '2020-07-25 01:22:10', 10, '127.0.0.1', '查看文章', '{}', 'GET', '/blog/5', 'anonymousUser');
INSERT INTO `t_syslog` VALUES (519, 'system', '2020-07-25 01:37:20', 'system', '2020-07-25 01:37:20', 22, '127.0.0.1', '查看文章', '{}', 'GET', '/blog/4', 'anonymousUser');
INSERT INTO `t_syslog` VALUES (520, 'system', '2020-07-25 02:27:18', 'system', '2020-07-25 02:27:18', 372, '127.0.0.1', '查看文章', '{}', 'GET', '/blog/3', 'anonymousUser');
INSERT INTO `t_syslog` VALUES (521, 'system', '2020-07-25 02:27:31', 'system', '2020-07-25 02:27:31', 16, '127.0.0.1', '查看文章', '{}', 'GET', '/blog/3', 'anonymousUser');
INSERT INTO `t_syslog` VALUES (522, 'system', '2020-07-25 02:28:08', 'system', '2020-07-25 02:28:08', 41, '127.0.0.1', '查看文章', '{}', 'GET', '/blog/5', 'anonymousUser');
INSERT INTO `t_syslog` VALUES (523, 'system', '2020-07-25 02:28:30', 'system', '2020-07-25 02:28:30', 52, '127.0.0.1', '查看文章', '{}', 'GET', '/blog/5', 'anonymousUser');
INSERT INTO `t_syslog` VALUES (524, 'system', '2020-07-25 02:29:57', 'system', '2020-07-25 02:29:57', 44, '127.0.0.1', '查看文章', '{}', 'GET', '/blog/2', 'anonymousUser');
INSERT INTO `t_syslog` VALUES (525, 'system', '2020-07-25 02:30:09', 'system', '2020-07-25 02:30:09', 16, '127.0.0.1', '查看文章', '{}', 'GET', '/blog/2', 'anonymousUser');
INSERT INTO `t_syslog` VALUES (526, 'system', '2020-07-25 02:30:11', 'system', '2020-07-25 02:30:11', 3, '127.0.0.1', '查看文章', '{}', 'GET', '/blog/2', 'anonymousUser');
INSERT INTO `t_syslog` VALUES (527, 'system', '2020-07-25 02:30:38', 'system', '2020-07-25 02:30:38', 17, '127.0.0.1', '查看文章', '{}', 'GET', '/blog/4', 'anonymousUser');
INSERT INTO `t_syslog` VALUES (528, 'system', '2020-07-25 02:45:15', 'system', '2020-07-25 02:45:15', 87, '127.0.0.1', '查看文章', '{}', 'GET', '/blog/2', 'anonymousUser');
INSERT INTO `t_syslog` VALUES (529, 'system', '2020-07-25 02:46:44', 'system', '2020-07-25 02:46:44', 250, '127.0.0.1', '查看文章', '{}', 'GET', '/blog/2', '故事');
INSERT INTO `t_syslog` VALUES (530, 'system', '2020-07-25 02:46:57', 'system', '2020-07-25 02:46:57', 11, '127.0.0.1', '查看文章', '{}', 'GET', '/blog/2', '故事');
INSERT INTO `t_syslog` VALUES (531, 'system', '2020-07-26 02:58:12', 'system', '2020-07-26 02:58:12', 2887, '127.0.0.1', '查看文章', '{}', 'GET', '/blog/8', '故事');
INSERT INTO `t_syslog` VALUES (532, 'system', '2020-07-26 02:58:36', 'system', '2020-07-26 02:58:36', 17, '127.0.0.1', '查看文章', '{}', 'GET', '/blog/8', '故事');
INSERT INTO `t_syslog` VALUES (533, 'system', '2020-07-27 02:47:56', 'system', '2020-07-27 02:47:56', 498, '127.0.0.1', '查看文章', '{}', 'GET', '/blog/3', '故事');
INSERT INTO `t_syslog` VALUES (534, 'system', '2020-07-31 02:34:26', 'system', '2020-07-31 02:34:26', 2257, '127.0.0.1', '查看文章', '{}', 'GET', '/blog/5', 'anonymousUser');
INSERT INTO `t_syslog` VALUES (535, 'system', '2020-07-31 02:35:23', 'system', '2020-07-31 02:35:23', 138, '127.0.0.1', '查看文章', '{}', 'GET', '/blog/5', 'anonymousUser');
INSERT INTO `t_syslog` VALUES (536, 'system', '2020-07-31 15:46:57', 'system', '2020-07-31 15:46:57', 1283, '127.0.0.1', '查看文章', '{}', 'GET', '/blog/3', 'anonymousUser');
INSERT INTO `t_syslog` VALUES (537, 'system', '2020-07-31 15:55:09', 'system', '2020-07-31 15:55:09', 41, '127.0.0.1', '查看文章', '{}', 'GET', '/blog/3', 'anonymousUser');
INSERT INTO `t_syslog` VALUES (538, 'system', '2020-07-31 16:30:19', 'system', '2020-07-31 16:30:19', 442, '127.0.0.1', '查看文章', '{}', 'GET', '/blog/5', 'anonymousUser');
INSERT INTO `t_syslog` VALUES (539, 'system', '2020-08-01 15:28:13', 'system', '2020-08-01 15:28:13', 178, '127.0.0.1', '搜索后台文章', '{\"recommend\":\"1\",\"title\":\"\"}', 'POST', '/admin/blogs/search', '故事');
INSERT INTO `t_syslog` VALUES (540, 'system', '2020-08-01 15:28:19', 'system', '2020-08-01 15:28:19', 13, '127.0.0.1', '搜索后台文章', '{\"recommend\":\"1\",\"title\":\"\"}', 'POST', '/admin/blogs/search', '故事');
INSERT INTO `t_syslog` VALUES (541, 'system', '2020-08-01 15:28:30', 'system', '2020-08-01 15:28:30', 11, '127.0.0.1', '搜索后台文章', '{\"recommend\":\"1\",\"title\":\"\"}', 'POST', '/admin/blogs/search', '故事');
INSERT INTO `t_syslog` VALUES (542, 'system', '2020-08-01 15:28:32', 'system', '2020-08-01 15:28:32', 24, '127.0.0.1', '搜索后台文章', '{\"title\":\"\"}', 'POST', '/admin/blogs/search', '故事');
INSERT INTO `t_syslog` VALUES (543, 'system', '2020-08-01 15:28:33', 'system', '2020-08-01 15:28:33', 11, '127.0.0.1', '搜索后台文章', '{\"title\":\"\"}', 'POST', '/admin/blogs/search', '故事');
INSERT INTO `t_syslog` VALUES (544, 'system', '2020-08-01 15:28:36', 'system', '2020-08-01 15:28:36', 10, '127.0.0.1', '搜索后台文章', '{\"typeId\":\"3\",\"title\":\"\"}', 'POST', '/admin/blogs/search', '故事');
INSERT INTO `t_syslog` VALUES (545, 'system', '2020-08-01 16:31:38', 'system', '2020-08-01 16:31:38', 858, '127.0.0.1', '查看文章', '{}', 'GET', '/blog/23', '故事');
INSERT INTO `t_syslog` VALUES (546, 'system', '2020-08-03 00:44:35', 'system', '2020-08-03 00:44:35', 108, '127.0.0.1', '搜索后台文章', '{\"typeId\":\"35\",\"title\":\"\"}', 'POST', '/admin/blogs/search', '故事');
INSERT INTO `t_syslog` VALUES (547, 'system', '2020-08-03 00:44:38', 'system', '2020-08-03 00:44:38', 11, '127.0.0.1', '搜索后台文章', '{\"typeId\":\"3\",\"title\":\"\"}', 'POST', '/admin/blogs/search', '故事');
INSERT INTO `t_syslog` VALUES (548, 'system', '2020-08-03 00:44:42', 'system', '2020-08-03 00:44:42', 10, '127.0.0.1', '搜索后台文章', '{\"typeId\":\"3\",\"title\":\"\"}', 'POST', '/admin/blogs/search', '故事');
INSERT INTO `t_syslog` VALUES (549, 'system', '2020-08-03 00:44:44', 'system', '2020-08-03 00:44:44', 9, '127.0.0.1', '搜索后台文章', '{\"typeId\":\"35\",\"title\":\"\"}', 'POST', '/admin/blogs/search', '故事');
INSERT INTO `t_syslog` VALUES (550, 'system', '2020-08-03 00:44:47', 'system', '2020-08-03 00:44:47', 9, '127.0.0.1', '搜索后台文章', '{\"typeId\":\"36\",\"title\":\"\"}', 'POST', '/admin/blogs/search', '故事');
INSERT INTO `t_syslog` VALUES (551, 'system', '2020-08-03 00:44:49', 'system', '2020-08-03 00:44:49', 12, '127.0.0.1', '搜索后台文章', '{\"title\":\"\"}', 'POST', '/admin/blogs/search', '故事');
INSERT INTO `t_syslog` VALUES (552, 'system', '2020-08-03 00:44:57', 'system', '2020-08-03 00:44:57', 12, '127.0.0.1', '搜索后台文章', '{\"title\":\"\"}', 'POST', '/admin/blogs/search', '故事');
INSERT INTO `t_syslog` VALUES (553, 'system', '2020-08-03 00:45:07', 'system', '2020-08-03 00:45:07', 14, '127.0.0.1', '搜索后台文章', '{\"title\":\"Docker \"}', 'POST', '/admin/blogs/search', '故事');
INSERT INTO `t_syslog` VALUES (554, 'system', '2020-08-03 02:43:46', 'system', '2020-08-03 02:43:46', 744, '127.0.0.1', '查看文章', '{}', 'GET', '/blog/19', '故事');
INSERT INTO `t_syslog` VALUES (555, 'system', '2020-08-04 00:48:21', 'system', '2020-08-04 00:48:21', 616, '127.0.0.1', '查看文章', '{}', 'GET', '/blog/58', 'anonymousUser');
INSERT INTO `t_syslog` VALUES (556, 'system', '2020-08-04 00:49:59', 'system', '2020-08-04 00:49:59', 32, '127.0.0.1', '查看文章', '{}', 'GET', '/blog/58', 'anonymousUser');
INSERT INTO `t_syslog` VALUES (557, 'system', '2020-08-04 00:51:05', 'system', '2020-08-04 00:51:05', 44, '127.0.0.1', '查看文章', '{}', 'GET', '/blog/22', 'anonymousUser');
INSERT INTO `t_syslog` VALUES (558, 'system', '2020-08-04 00:52:05', 'system', '2020-08-04 00:52:05', 9, '127.0.0.1', '查看文章', '{}', 'GET', '/blog/58', 'anonymousUser');
INSERT INTO `t_syslog` VALUES (559, 'system', '2020-08-04 00:52:28', 'system', '2020-08-04 00:52:28', 5, '127.0.0.1', '查看文章', '{}', 'GET', '/blog/58', 'anonymousUser');
INSERT INTO `t_syslog` VALUES (560, 'system', '2020-08-04 00:52:52', 'system', '2020-08-04 00:52:52', 5, '127.0.0.1', '查看文章', '{}', 'GET', '/blog/58', 'anonymousUser');
INSERT INTO `t_syslog` VALUES (561, 'system', '2020-08-04 00:53:41', 'system', '2020-08-04 00:53:41', 5, '127.0.0.1', '查看文章', '{}', 'GET', '/blog/58', 'anonymousUser');
INSERT INTO `t_syslog` VALUES (562, 'system', '2020-08-04 00:55:09', 'system', '2020-08-04 00:55:09', 8, '127.0.0.1', '查看文章', '{}', 'GET', '/blog/58', 'anonymousUser');
INSERT INTO `t_syslog` VALUES (563, 'system', '2020-08-04 00:56:32', 'system', '2020-08-04 00:56:32', 10, '127.0.0.1', '查看文章', '{}', 'GET', '/blog/58', 'anonymousUser');
INSERT INTO `t_syslog` VALUES (564, 'system', '2020-08-04 00:57:38', 'system', '2020-08-04 00:57:38', 15, '127.0.0.1', '查看文章', '{}', 'GET', '/blog/58', 'anonymousUser');
INSERT INTO `t_syslog` VALUES (565, 'system', '2020-08-04 00:59:30', 'system', '2020-08-04 00:59:30', 9, '127.0.0.1', '查看文章', '{}', 'GET', '/blog/58', 'anonymousUser');
INSERT INTO `t_syslog` VALUES (566, 'system', '2020-08-04 01:03:48', 'system', '2020-08-04 01:03:48', 9, '127.0.0.1', '查看文章', '{}', 'GET', '/blog/58', 'anonymousUser');
INSERT INTO `t_syslog` VALUES (567, 'system', '2020-08-04 01:04:22', 'system', '2020-08-04 01:04:22', 5, '127.0.0.1', '查看文章', '{}', 'GET', '/blog/58', 'anonymousUser');
INSERT INTO `t_syslog` VALUES (568, 'system', '2020-08-04 01:05:09', 'system', '2020-08-04 01:05:09', 5, '127.0.0.1', '查看文章', '{}', 'GET', '/blog/58', 'anonymousUser');
INSERT INTO `t_syslog` VALUES (569, 'system', '2020-08-04 01:05:35', 'system', '2020-08-04 01:05:35', 148, '127.0.0.1', '查看文章', '{}', 'GET', '/blog/5', 'anonymousUser');
INSERT INTO `t_syslog` VALUES (570, 'system', '2020-08-04 01:08:03', 'system', '2020-08-04 01:08:03', 15, '127.0.0.1', '查看文章', '{}', 'GET', '/blog/5', 'anonymousUser');
INSERT INTO `t_syslog` VALUES (571, 'system', '2020-08-04 01:08:15', 'system', '2020-08-04 01:08:15', 10, '127.0.0.1', '查看文章', '{}', 'GET', '/blog/5', 'anonymousUser');
INSERT INTO `t_syslog` VALUES (572, 'system', '2020-08-04 01:08:49', 'system', '2020-08-04 01:08:49', 5, '127.0.0.1', '查看文章', '{}', 'GET', '/blog/5', 'anonymousUser');
INSERT INTO `t_syslog` VALUES (573, 'system', '2020-08-04 01:09:01', 'system', '2020-08-04 01:09:01', 8, '127.0.0.1', '查看文章', '{}', 'GET', '/blog/5', 'anonymousUser');
INSERT INTO `t_syslog` VALUES (574, 'system', '2020-08-04 01:11:37', 'system', '2020-08-04 01:11:37', 9, '127.0.0.1', '查看文章', '{}', 'GET', '/blog/5', 'anonymousUser');
INSERT INTO `t_syslog` VALUES (575, 'system', '2020-08-04 01:12:15', 'system', '2020-08-04 01:12:15', 5, '127.0.0.1', '查看文章', '{}', 'GET', '/blog/5', 'anonymousUser');
INSERT INTO `t_syslog` VALUES (576, 'system', '2020-08-04 01:12:21', 'system', '2020-08-04 01:12:21', 7, '127.0.0.1', '查看文章', '{}', 'GET', '/blog/5', 'anonymousUser');
INSERT INTO `t_syslog` VALUES (577, 'system', '2020-08-04 01:12:51', 'system', '2020-08-04 01:12:51', 12, '127.0.0.1', '查看文章', '{}', 'GET', '/blog/5', 'anonymousUser');
INSERT INTO `t_syslog` VALUES (578, 'system', '2020-08-04 01:13:16', 'system', '2020-08-04 01:13:16', 9, '127.0.0.1', '查看文章', '{}', 'GET', '/blog/5', 'anonymousUser');
INSERT INTO `t_syslog` VALUES (579, 'system', '2020-08-04 01:14:45', 'system', '2020-08-04 01:14:45', 9, '127.0.0.1', '查看文章', '{}', 'GET', '/blog/5', 'anonymousUser');
INSERT INTO `t_syslog` VALUES (580, 'system', '2020-08-04 01:15:03', 'system', '2020-08-04 01:15:03', 5, '127.0.0.1', '查看文章', '{}', 'GET', '/blog/5', 'anonymousUser');
INSERT INTO `t_syslog` VALUES (581, 'system', '2020-08-04 01:19:10', 'system', '2020-08-04 01:19:10', 35, '127.0.0.1', '查看文章', '{}', 'GET', '/blog/22', 'anonymousUser');
INSERT INTO `t_syslog` VALUES (582, 'system', '2020-08-04 01:19:12', 'system', '2020-08-04 01:19:12', 3, '127.0.0.1', '查看文章', '{}', 'GET', '/blog/22', 'anonymousUser');
INSERT INTO `t_syslog` VALUES (583, 'system', '2020-08-04 01:19:49', 'system', '2020-08-04 01:19:49', 4, '127.0.0.1', '查看文章', '{}', 'GET', '/blog/22', 'anonymousUser');
INSERT INTO `t_syslog` VALUES (584, 'system', '2020-08-04 01:20:10', 'system', '2020-08-04 01:20:10', 3, '127.0.0.1', '查看文章', '{}', 'GET', '/blog/22', 'anonymousUser');
INSERT INTO `t_syslog` VALUES (585, 'system', '2020-08-04 01:20:20', 'system', '2020-08-04 01:20:20', 3, '127.0.0.1', '查看文章', '{}', 'GET', '/blog/5', 'anonymousUser');
INSERT INTO `t_syslog` VALUES (586, 'system', '2020-08-04 01:21:18', 'system', '2020-08-04 01:21:18', 3, '127.0.0.1', '查看文章', '{}', 'GET', '/blog/5', 'anonymousUser');
INSERT INTO `t_syslog` VALUES (587, 'system', '2020-08-04 01:21:26', 'system', '2020-08-04 01:21:26', 8, '127.0.0.1', '查看文章', '{}', 'GET', '/blog/5', 'anonymousUser');
INSERT INTO `t_syslog` VALUES (588, 'system', '2020-08-04 01:22:04', 'system', '2020-08-04 01:22:04', 4, '127.0.0.1', '查看文章', '{}', 'GET', '/blog/5', 'anonymousUser');
INSERT INTO `t_syslog` VALUES (589, 'system', '2020-08-04 01:22:16', 'system', '2020-08-04 01:22:16', 4, '127.0.0.1', '查看文章', '{}', 'GET', '/blog/5', 'anonymousUser');
INSERT INTO `t_syslog` VALUES (590, 'system', '2020-08-04 01:22:25', 'system', '2020-08-04 01:22:25', 3, '127.0.0.1', '查看文章', '{}', 'GET', '/blog/5', 'anonymousUser');
INSERT INTO `t_syslog` VALUES (591, 'system', '2020-08-04 01:22:38', 'system', '2020-08-04 01:22:38', 2, '127.0.0.1', '查看文章', '{}', 'GET', '/blog/5', 'anonymousUser');
INSERT INTO `t_syslog` VALUES (592, 'system', '2020-08-04 01:22:40', 'system', '2020-08-04 01:22:40', 4, '127.0.0.1', '查看文章', '{}', 'GET', '/blog/5', 'anonymousUser');
INSERT INTO `t_syslog` VALUES (593, 'system', '2020-08-04 01:24:56', 'system', '2020-08-04 01:24:56', 7, '127.0.0.1', '查看文章', '{}', 'GET', '/blog/5', 'anonymousUser');
INSERT INTO `t_syslog` VALUES (594, 'system', '2020-08-04 01:25:32', 'system', '2020-08-04 01:25:32', 7, '127.0.0.1', '查看文章', '{}', 'GET', '/blog/5', 'anonymousUser');
INSERT INTO `t_syslog` VALUES (595, 'system', '2020-08-04 01:26:18', 'system', '2020-08-04 01:26:18', 3, '127.0.0.1', '查看文章', '{}', 'GET', '/blog/5', 'anonymousUser');
INSERT INTO `t_syslog` VALUES (596, 'system', '2020-08-04 01:26:46', 'system', '2020-08-04 01:26:46', 5, '127.0.0.1', '查看文章', '{}', 'GET', '/blog/5', 'anonymousUser');
INSERT INTO `t_syslog` VALUES (597, 'system', '2020-08-04 01:27:01', 'system', '2020-08-04 01:27:01', 7, '127.0.0.1', '查看文章', '{}', 'GET', '/blog/5', 'anonymousUser');
INSERT INTO `t_syslog` VALUES (598, 'system', '2020-08-04 01:28:28', 'system', '2020-08-04 01:28:28', 8, '127.0.0.1', '查看文章', '{}', 'GET', '/blog/5', 'anonymousUser');
INSERT INTO `t_syslog` VALUES (599, 'system', '2020-08-04 01:29:28', 'system', '2020-08-04 01:29:28', 4, '127.0.0.1', '查看文章', '{}', 'GET', '/blog/5', 'anonymousUser');
INSERT INTO `t_syslog` VALUES (600, 'system', '2020-08-04 01:30:14', 'system', '2020-08-04 01:30:14', 8, '127.0.0.1', '查看文章', '{}', 'GET', '/blog/5', 'anonymousUser');
INSERT INTO `t_syslog` VALUES (601, 'system', '2020-08-04 01:30:38', 'system', '2020-08-04 01:30:38', 4, '127.0.0.1', '查看文章', '{}', 'GET', '/blog/5', 'anonymousUser');
INSERT INTO `t_syslog` VALUES (602, 'system', '2020-08-04 01:30:51', 'system', '2020-08-04 01:30:51', 6, '127.0.0.1', '查看文章', '{}', 'GET', '/blog/5', 'anonymousUser');
INSERT INTO `t_syslog` VALUES (603, 'system', '2020-08-04 01:31:05', 'system', '2020-08-04 01:31:05', 3, '127.0.0.1', '查看文章', '{}', 'GET', '/blog/5', 'anonymousUser');
INSERT INTO `t_syslog` VALUES (604, 'system', '2020-08-04 01:31:35', 'system', '2020-08-04 01:31:35', 5, '127.0.0.1', '查看文章', '{}', 'GET', '/blog/5', 'anonymousUser');
INSERT INTO `t_syslog` VALUES (605, 'system', '2020-08-04 01:31:46', 'system', '2020-08-04 01:31:46', 8, '127.0.0.1', '查看文章', '{}', 'GET', '/blog/5', 'anonymousUser');
INSERT INTO `t_syslog` VALUES (606, 'system', '2020-08-04 01:34:02', 'system', '2020-08-04 01:34:02', 8, '127.0.0.1', '查看文章', '{}', 'GET', '/blog/5', 'anonymousUser');
INSERT INTO `t_syslog` VALUES (607, 'system', '2020-08-04 01:36:32', 'system', '2020-08-04 01:36:32', 7, '127.0.0.1', '查看文章', '{}', 'GET', '/blog/5', 'anonymousUser');
INSERT INTO `t_syslog` VALUES (608, 'system', '2020-08-04 01:37:14', 'system', '2020-08-04 01:37:14', 4, '127.0.0.1', '查看文章', '{}', 'GET', '/blog/5', 'anonymousUser');
INSERT INTO `t_syslog` VALUES (609, 'system', '2020-08-04 01:37:46', 'system', '2020-08-04 01:37:46', 4, '127.0.0.1', '查看文章', '{}', 'GET', '/blog/5', 'anonymousUser');
INSERT INTO `t_syslog` VALUES (610, 'system', '2020-08-04 01:37:59', 'system', '2020-08-04 01:37:59', 5, '127.0.0.1', '查看文章', '{}', 'GET', '/blog/5', 'anonymousUser');
INSERT INTO `t_syslog` VALUES (611, 'system', '2020-08-04 01:38:52', 'system', '2020-08-04 01:38:52', 5, '127.0.0.1', '查看文章', '{}', 'GET', '/blog/5', 'anonymousUser');
INSERT INTO `t_syslog` VALUES (612, 'system', '2020-08-04 01:39:30', 'system', '2020-08-04 01:39:30', 7, '127.0.0.1', '查看文章', '{}', 'GET', '/blog/5', 'anonymousUser');
INSERT INTO `t_syslog` VALUES (613, 'system', '2020-08-04 01:40:06', 'system', '2020-08-04 01:40:06', 7, '127.0.0.1', '查看文章', '{}', 'GET', '/blog/5', 'anonymousUser');
INSERT INTO `t_syslog` VALUES (614, 'system', '2020-08-04 01:40:49', 'system', '2020-08-04 01:40:49', 5, '127.0.0.1', '查看文章', '{}', 'GET', '/blog/5', 'anonymousUser');
INSERT INTO `t_syslog` VALUES (615, 'system', '2020-08-04 01:42:01', 'system', '2020-08-04 01:42:01', 10, '127.0.0.1', '查看文章', '{}', 'GET', '/blog/5', 'anonymousUser');
INSERT INTO `t_syslog` VALUES (616, 'system', '2020-08-04 01:42:13', 'system', '2020-08-04 01:42:13', 7, '127.0.0.1', '查看文章', '{}', 'GET', '/blog/5', 'anonymousUser');
INSERT INTO `t_syslog` VALUES (617, 'system', '2020-08-04 01:43:24', 'system', '2020-08-04 01:43:24', 7, '127.0.0.1', '查看文章', '{}', 'GET', '/blog/5', 'anonymousUser');
INSERT INTO `t_syslog` VALUES (618, 'system', '2020-08-04 01:43:59', 'system', '2020-08-04 01:43:59', 12, '127.0.0.1', '查看文章', '{}', 'GET', '/blog/5', 'anonymousUser');
INSERT INTO `t_syslog` VALUES (619, 'system', '2020-08-04 01:45:57', 'system', '2020-08-04 01:45:57', 8, '127.0.0.1', '查看文章', '{}', 'GET', '/blog/5', 'anonymousUser');
INSERT INTO `t_syslog` VALUES (620, 'system', '2020-08-04 01:46:45', 'system', '2020-08-04 01:46:45', 5, '127.0.0.1', '查看文章', '{}', 'GET', '/blog/5', 'anonymousUser');
INSERT INTO `t_syslog` VALUES (621, 'system', '2020-08-04 01:47:10', 'system', '2020-08-04 01:47:10', 8, '127.0.0.1', '查看文章', '{}', 'GET', '/blog/5', 'anonymousUser');
INSERT INTO `t_syslog` VALUES (622, 'system', '2020-08-04 01:48:31', 'system', '2020-08-04 01:48:31', 13, '127.0.0.1', '查看文章', '{}', 'GET', '/blog/5', 'anonymousUser');
INSERT INTO `t_syslog` VALUES (623, 'system', '2020-08-04 01:49:09', 'system', '2020-08-04 01:49:09', 3, '127.0.0.1', '查看文章', '{}', 'GET', '/blog/5', 'anonymousUser');
INSERT INTO `t_syslog` VALUES (624, 'system', '2020-08-04 01:49:11', 'system', '2020-08-04 01:49:11', 2, '127.0.0.1', '查看文章', '{}', 'GET', '/blog/5', 'anonymousUser');
INSERT INTO `t_syslog` VALUES (625, 'system', '2020-08-04 01:50:35', 'system', '2020-08-04 01:50:35', 4, '127.0.0.1', '查看文章', '{}', 'GET', '/blog/5', 'anonymousUser');
INSERT INTO `t_syslog` VALUES (626, 'system', '2020-08-04 01:50:58', 'system', '2020-08-04 01:50:58', 3, '127.0.0.1', '查看文章', '{}', 'GET', '/blog/5', 'anonymousUser');
INSERT INTO `t_syslog` VALUES (627, 'system', '2020-08-04 01:52:12', 'system', '2020-08-04 01:52:12', 7, '127.0.0.1', '查看文章', '{}', 'GET', '/blog/5', 'anonymousUser');
INSERT INTO `t_syslog` VALUES (628, 'system', '2020-08-04 01:52:22', 'system', '2020-08-04 01:52:22', 3, '127.0.0.1', '查看文章', '{}', 'GET', '/blog/5', 'anonymousUser');
INSERT INTO `t_syslog` VALUES (629, 'system', '2020-08-04 01:53:22', 'system', '2020-08-04 01:53:22', 7, '127.0.0.1', '查看文章', '{}', 'GET', '/blog/5', 'anonymousUser');
INSERT INTO `t_syslog` VALUES (630, 'system', '2020-08-04 01:53:33', 'system', '2020-08-04 01:53:33', 3, '127.0.0.1', '查看文章', '{}', 'GET', '/blog/58', 'anonymousUser');
INSERT INTO `t_syslog` VALUES (631, 'system', '2020-08-04 01:56:17', 'system', '2020-08-04 01:56:17', 45, '127.0.0.1', '查看文章', '{}', 'GET', '/blog/56', 'anonymousUser');
INSERT INTO `t_syslog` VALUES (632, 'system', '2020-08-04 01:56:31', 'system', '2020-08-04 01:56:31', 11, '127.0.0.1', '查看文章', '{}', 'GET', '/blog/56', 'anonymousUser');
INSERT INTO `t_syslog` VALUES (633, 'system', '2020-08-04 01:57:12', 'system', '2020-08-04 01:57:12', 5, '127.0.0.1', '查看文章', '{}', 'GET', '/blog/56', 'anonymousUser');
INSERT INTO `t_syslog` VALUES (634, 'system', '2020-08-04 01:57:54', 'system', '2020-08-04 01:57:54', 4, '127.0.0.1', '查看文章', '{}', 'GET', '/blog/56', 'anonymousUser');
INSERT INTO `t_syslog` VALUES (635, 'system', '2020-08-04 01:58:04', 'system', '2020-08-04 01:58:04', 33, '127.0.0.1', '查看文章', '{}', 'GET', '/blog/2', 'anonymousUser');
INSERT INTO `t_syslog` VALUES (636, 'system', '2020-08-04 02:01:36', 'system', '2020-08-04 02:01:36', 4, '127.0.0.1', '查看文章', '{}', 'GET', '/blog/56', 'anonymousUser');
INSERT INTO `t_syslog` VALUES (637, 'system', '2020-08-04 02:01:57', 'system', '2020-08-04 02:01:57', 2, '127.0.0.1', '查看文章', '{}', 'GET', '/blog/56', 'anonymousUser');
INSERT INTO `t_syslog` VALUES (638, 'system', '2020-08-04 02:02:20', 'system', '2020-08-04 02:02:20', 4, '127.0.0.1', '查看文章', '{}', 'GET', '/blog/56', 'anonymousUser');
INSERT INTO `t_syslog` VALUES (639, 'system', '2020-08-04 02:03:41', 'system', '2020-08-04 02:03:41', 9, '127.0.0.1', '查看文章', '{}', 'GET', '/blog/56', 'anonymousUser');
INSERT INTO `t_syslog` VALUES (640, 'system', '2020-08-04 02:04:00', 'system', '2020-08-04 02:04:00', 2, '127.0.0.1', '查看文章', '{}', 'GET', '/blog/56', 'anonymousUser');
INSERT INTO `t_syslog` VALUES (641, 'system', '2020-08-04 02:04:29', 'system', '2020-08-04 02:04:29', 3, '127.0.0.1', '查看文章', '{}', 'GET', '/blog/56', 'anonymousUser');
INSERT INTO `t_syslog` VALUES (642, 'system', '2020-08-04 02:06:11', 'system', '2020-08-04 02:06:11', 7, '127.0.0.1', '查看文章', '{}', 'GET', '/blog/56', 'anonymousUser');
INSERT INTO `t_syslog` VALUES (643, 'system', '2020-08-04 02:21:00', 'system', '2020-08-04 02:21:00', 56, '192.168.137.1', '查看文章', '{}', 'GET', '/blog/58', 'anonymousUser');
INSERT INTO `t_syslog` VALUES (644, 'system', '2020-08-04 02:21:16', 'system', '2020-08-04 02:21:16', 20, '127.0.0.1', '查看文章', '{}', 'GET', '/blog/22', 'anonymousUser');
INSERT INTO `t_syslog` VALUES (645, 'system', '2020-08-04 02:21:19', 'system', '2020-08-04 02:21:19', 11, '127.0.0.1', '查看文章', '{}', 'GET', '/blog/22', 'anonymousUser');
INSERT INTO `t_syslog` VALUES (646, 'system', '2020-08-04 02:21:40', 'system', '2020-08-04 02:21:40', 11, '127.0.0.1', '查看文章', '{}', 'GET', '/blog/57', 'anonymousUser');
INSERT INTO `t_syslog` VALUES (647, 'system', '2020-08-04 02:22:01', 'system', '2020-08-04 02:22:01', 11, '127.0.0.1', '查看文章', '{}', 'GET', '/blog/58', 'anonymousUser');
INSERT INTO `t_syslog` VALUES (648, 'system', '2020-08-04 02:22:09', 'system', '2020-08-04 02:22:09', 50, '127.0.0.1', '查看文章', '{}', 'GET', '/blog/2', 'anonymousUser');
INSERT INTO `t_syslog` VALUES (649, 'system', '2020-08-04 02:22:32', 'system', '2020-08-04 02:22:32', 5, '127.0.0.1', '查看文章', '{}', 'GET', '/blog/58', 'anonymousUser');
INSERT INTO `t_syslog` VALUES (650, 'system', '2020-08-04 02:22:41', 'system', '2020-08-04 02:22:41', 9, '127.0.0.1', '查看文章', '{}', 'GET', '/blog/56', 'anonymousUser');
INSERT INTO `t_syslog` VALUES (651, 'system', '2020-08-04 02:23:04', 'system', '2020-08-04 02:23:04', 20, '127.0.0.1', '查看文章', '{}', 'GET', '/blog/5', 'anonymousUser');
INSERT INTO `t_syslog` VALUES (652, 'system', '2020-08-04 02:23:28', 'system', '2020-08-04 02:23:28', 5, '127.0.0.1', '查看文章', '{}', 'GET', '/blog/5', 'anonymousUser');
INSERT INTO `t_syslog` VALUES (653, 'system', '2020-08-04 02:23:46', 'system', '2020-08-04 02:23:46', 16, '127.0.0.1', '查看文章', '{}', 'GET', '/blog/5', 'anonymousUser');
INSERT INTO `t_syslog` VALUES (654, 'system', '2020-08-04 02:24:12', 'system', '2020-08-04 02:24:12', 5, '127.0.0.1', '查看文章', '{}', 'GET', '/blog/5', 'anonymousUser');
INSERT INTO `t_syslog` VALUES (655, 'system', '2020-08-04 02:24:19', 'system', '2020-08-04 02:24:19', 15, '127.0.0.1', '查看文章', '{}', 'GET', '/blog/5', 'anonymousUser');
INSERT INTO `t_syslog` VALUES (656, 'system', '2020-08-04 02:24:36', 'system', '2020-08-04 02:24:36', 18, '127.0.0.1', '查看文章', '{}', 'GET', '/blog/5', 'anonymousUser');
INSERT INTO `t_syslog` VALUES (657, 'system', '2020-08-04 02:24:47', 'system', '2020-08-04 02:24:47', 12, '127.0.0.1', '查看文章', '{}', 'GET', '/blog/57', 'anonymousUser');
INSERT INTO `t_syslog` VALUES (658, 'system', '2020-08-04 02:24:54', 'system', '2020-08-04 02:24:54', 62, '127.0.0.1', '查看文章', '{}', 'GET', '/blog/1', 'anonymousUser');
INSERT INTO `t_syslog` VALUES (659, 'system', '2020-08-04 18:43:19', 'system', '2020-08-04 18:43:19', 326, '127.0.0.1', '查看文章', '{}', 'GET', '/blog/19', 'anonymousUser');
INSERT INTO `t_syslog` VALUES (660, 'system', '2020-08-05 00:20:10', 'system', '2020-08-05 00:20:10', 310, '127.0.0.1', '查看文章', '{}', 'GET', '/blog/22', 'anonymousUser');
INSERT INTO `t_syslog` VALUES (661, 'system', '2020-08-05 00:21:01', 'system', '2020-08-05 00:21:01', 96, '127.0.0.1', '查看文章', '{}', 'GET', '/blog/1', 'anonymousUser');
INSERT INTO `t_syslog` VALUES (662, 'system', '2020-08-05 00:21:05', 'system', '2020-08-05 00:21:05', 8, '127.0.0.1', '查看文章', '{}', 'GET', '/blog/22', 'anonymousUser');
INSERT INTO `t_syslog` VALUES (663, 'system', '2020-08-05 00:41:15', 'system', '2020-08-05 00:41:15', 39, '127.0.0.1', '查看文章', '{}', 'GET', '/blog/4', 'anonymousUser');
INSERT INTO `t_syslog` VALUES (664, 'system', '2020-08-05 00:42:41', 'system', '2020-08-05 00:42:41', 14, '127.0.0.1', '查看文章', '{}', 'GET', '/blog/4', 'anonymousUser');
INSERT INTO `t_syslog` VALUES (665, 'system', '2020-08-05 00:43:04', 'system', '2020-08-05 00:43:04', 9, '127.0.0.1', '查看文章', '{}', 'GET', '/blog/4', 'anonymousUser');
INSERT INTO `t_syslog` VALUES (666, 'system', '2020-08-05 00:44:07', 'system', '2020-08-05 00:44:07', 3, '127.0.0.1', '查看文章', '{}', 'GET', '/blog/4', 'anonymousUser');
INSERT INTO `t_syslog` VALUES (667, 'system', '2020-08-05 00:44:54', 'system', '2020-08-05 00:44:54', 7, '127.0.0.1', '查看文章', '{}', 'GET', '/blog/4', 'anonymousUser');
INSERT INTO `t_syslog` VALUES (668, 'system', '2020-08-05 00:45:04', 'system', '2020-08-05 00:45:04', 12, '127.0.0.1', '查看文章', '{}', 'GET', '/blog/4', 'anonymousUser');
INSERT INTO `t_syslog` VALUES (669, 'system', '2020-08-05 00:45:28', 'system', '2020-08-05 00:45:28', 10, '127.0.0.1', '查看文章', '{}', 'GET', '/blog/4', 'anonymousUser');
INSERT INTO `t_syslog` VALUES (670, 'system', '2020-08-05 00:45:57', 'system', '2020-08-05 00:45:57', 5, '127.0.0.1', '查看文章', '{}', 'GET', '/blog/4', 'anonymousUser');
INSERT INTO `t_syslog` VALUES (671, 'system', '2020-08-05 00:46:09', 'system', '2020-08-05 00:46:09', 3, '127.0.0.1', '查看文章', '{}', 'GET', '/blog/4', 'anonymousUser');
INSERT INTO `t_syslog` VALUES (672, 'system', '2020-08-05 00:46:31', 'system', '2020-08-05 00:46:31', 15, '127.0.0.1', '查看文章', '{}', 'GET', '/blog/4', 'anonymousUser');
INSERT INTO `t_syslog` VALUES (673, 'system', '2020-08-05 00:46:59', 'system', '2020-08-05 00:46:59', 7, '127.0.0.1', '查看文章', '{}', 'GET', '/blog/4', 'anonymousUser');
INSERT INTO `t_syslog` VALUES (674, 'system', '2020-08-05 00:47:13', 'system', '2020-08-05 00:47:13', 5, '127.0.0.1', '查看文章', '{}', 'GET', '/blog/4', 'anonymousUser');
INSERT INTO `t_syslog` VALUES (675, 'system', '2020-08-05 00:48:40', 'system', '2020-08-05 00:48:40', 6, '127.0.0.1', '查看文章', '{}', 'GET', '/blog/4', 'anonymousUser');
INSERT INTO `t_syslog` VALUES (676, 'system', '2020-08-05 00:49:54', 'system', '2020-08-05 00:49:54', 40, '127.0.0.1', '查看文章', '{}', 'GET', '/blog/2', 'anonymousUser');
INSERT INTO `t_syslog` VALUES (677, 'system', '2020-08-05 00:51:51', 'system', '2020-08-05 00:51:51', 18, '127.0.0.1', '查看文章', '{}', 'GET', '/blog/2', 'anonymousUser');
INSERT INTO `t_syslog` VALUES (678, 'system', '2020-08-05 00:52:31', 'system', '2020-08-05 00:52:31', 5, '127.0.0.1', '查看文章', '{}', 'GET', '/blog/2', 'anonymousUser');
INSERT INTO `t_syslog` VALUES (679, 'system', '2020-08-05 00:52:52', 'system', '2020-08-05 00:52:52', 4, '127.0.0.1', '查看文章', '{}', 'GET', '/blog/2', 'anonymousUser');
INSERT INTO `t_syslog` VALUES (680, 'system', '2020-08-05 00:59:32', 'system', '2020-08-05 00:59:32', 309, '127.0.0.1', '查看文章', '{}', 'GET', '/blog/57', 'anonymousUser');
INSERT INTO `t_syslog` VALUES (681, 'system', '2020-08-05 00:59:35', 'system', '2020-08-05 00:59:35', 28, '127.0.0.1', '查看文章', '{}', 'GET', '/blog/57', 'anonymousUser');
INSERT INTO `t_syslog` VALUES (682, 'system', '2020-08-05 00:59:40', 'system', '2020-08-05 00:59:40', 6, '127.0.0.1', '查看文章', '{}', 'GET', '/blog/57', 'anonymousUser');
INSERT INTO `t_syslog` VALUES (683, 'system', '2020-08-05 01:01:00', 'system', '2020-08-05 01:01:00', 7, '127.0.0.1', '查看文章', '{}', 'GET', '/blog/57', 'anonymousUser');
INSERT INTO `t_syslog` VALUES (684, 'system', '2020-08-05 01:03:38', 'system', '2020-08-05 01:03:38', 29, '127.0.0.1', '查看文章', '{}', 'GET', '/blog/57', 'anonymousUser');
INSERT INTO `t_syslog` VALUES (685, 'system', '2020-08-05 01:03:45', 'system', '2020-08-05 01:03:45', 4, '127.0.0.1', '查看文章', '{}', 'GET', '/blog/4', 'anonymousUser');
INSERT INTO `t_syslog` VALUES (686, 'system', '2020-08-05 01:03:50', 'system', '2020-08-05 01:03:50', 11, '127.0.0.1', '查看文章', '{}', 'GET', '/blog/22', 'anonymousUser');
INSERT INTO `t_syslog` VALUES (687, 'system', '2020-08-05 01:04:20', 'system', '2020-08-05 01:04:20', 15, '127.0.0.1', '查看文章', '{}', 'GET', '/blog/1', 'anonymousUser');
INSERT INTO `t_syslog` VALUES (688, 'system', '2020-08-05 01:04:33', 'system', '2020-08-05 01:04:33', 9, '127.0.0.1', '查看文章', '{}', 'GET', '/blog/1', 'anonymousUser');
INSERT INTO `t_syslog` VALUES (689, 'system', '2020-08-05 01:12:41', 'system', '2020-08-05 01:12:41', 12, '127.0.0.1', '查看文章', '{}', 'GET', '/blog/1', 'anonymousUser');
INSERT INTO `t_syslog` VALUES (690, 'system', '2020-08-05 01:12:48', 'system', '2020-08-05 01:12:48', 11, '127.0.0.1', '查看文章', '{}', 'GET', '/blog/1', 'anonymousUser');
INSERT INTO `t_syslog` VALUES (691, 'system', '2020-08-05 01:12:52', 'system', '2020-08-05 01:12:52', 5, '127.0.0.1', '查看文章', '{}', 'GET', '/blog/1', 'anonymousUser');
INSERT INTO `t_syslog` VALUES (692, 'system', '2020-08-05 01:13:06', 'system', '2020-08-05 01:13:06', 5, '127.0.0.1', '查看文章', '{}', 'GET', '/blog/1', 'anonymousUser');
INSERT INTO `t_syslog` VALUES (693, 'system', '2020-08-05 01:13:16', 'system', '2020-08-05 01:13:16', 8, '127.0.0.1', '查看文章', '{}', 'GET', '/blog/1', 'anonymousUser');
INSERT INTO `t_syslog` VALUES (694, 'system', '2020-08-05 14:40:01', 'system', '2020-08-05 14:40:01', 197, '127.0.0.1', '查看文章', '{}', 'GET', '/blog/4', 'anonymousUser');
INSERT INTO `t_syslog` VALUES (695, 'system', '2020-08-05 14:40:05', 'system', '2020-08-05 14:40:05', 6, '127.0.0.1', '查看文章', '{}', 'GET', '/blog/4', 'anonymousUser');
INSERT INTO `t_syslog` VALUES (696, 'system', '2020-08-05 14:40:12', 'system', '2020-08-05 14:40:12', 5, '127.0.0.1', '查看文章', '{}', 'GET', '/blog/4', 'anonymousUser');
INSERT INTO `t_syslog` VALUES (697, 'system', '2020-08-05 14:40:17', 'system', '2020-08-05 14:40:17', 4, '127.0.0.1', '查看文章', '{}', 'GET', '/blog/4', 'anonymousUser');
INSERT INTO `t_syslog` VALUES (698, 'system', '2020-08-05 14:43:32', 'system', '2020-08-05 14:43:32', 1627, '127.0.0.1', '查看文章', '{}', 'GET', '/blog/4', 'anonymousUser');
INSERT INTO `t_syslog` VALUES (699, 'system', '2020-08-05 14:43:42', 'system', '2020-08-05 14:43:42', 12, '127.0.0.1', '查看文章', '{}', 'GET', '/blog/4', 'anonymousUser');
INSERT INTO `t_syslog` VALUES (700, 'system', '2020-08-05 14:43:59', 'system', '2020-08-05 14:43:59', 146, '127.0.0.1', '查看文章', '{}', 'GET', '/blog/58', 'anonymousUser');
INSERT INTO `t_syslog` VALUES (701, 'system', '2020-08-05 14:44:12', 'system', '2020-08-05 14:44:12', 8, '127.0.0.1', '查看文章', '{}', 'GET', '/blog/58', 'anonymousUser');
INSERT INTO `t_syslog` VALUES (702, 'system', '2020-08-29 14:54:53', 'system', '2020-08-29 14:54:53', 453, '127.0.0.1', '查看文章', '{}', 'GET', '/blog/4', 'anonymousUser');
INSERT INTO `t_syslog` VALUES (703, 'system', '2020-08-29 15:19:27', 'system', '2020-08-29 15:19:27', 30, '127.0.0.1', '查看文章', '{}', 'GET', '/blog/4', 'anonymousUser');
INSERT INTO `t_syslog` VALUES (704, 'system', '2020-08-29 15:37:38', 'system', '2020-08-29 15:37:38', 418, '127.0.0.1', '查看文章', '{}', 'GET', '/blog/58', '故事');
INSERT INTO `t_syslog` VALUES (705, 'system', '2020-10-05 14:15:55', 'system', '2020-10-05 14:15:55', 3705, '127.0.0.1', '查看文章', '{}', 'GET', '/blog/58', 'anonymousUser');
INSERT INTO `t_syslog` VALUES (706, 'system', '2020-10-05 14:25:49', 'system', '2020-10-05 14:25:49', 51, '127.0.0.1', '查看文章', '{}', 'GET', '/blog/58', 'anonymousUser');

-- ----------------------------
-- Table structure for t_tag
-- ----------------------------
DROP TABLE IF EXISTS `t_tag`;
CREATE TABLE `t_tag`  (
  `id` bigint(20) NOT NULL AUTO_INCREMENT,
  `name` varchar(255) CHARACTER SET utf8 COLLATE utf8_general_ci NULL DEFAULT NULL,
  `state` bigint(20) NULL DEFAULT NULL,
  PRIMARY KEY (`id`) USING BTREE
) ENGINE = InnoDB AUTO_INCREMENT = 22 CHARACTER SET = utf8 COLLATE = utf8_general_ci ROW_FORMAT = Dynamic;

-- ----------------------------
-- Records of t_tag
-- ----------------------------
INSERT INTO `t_tag` VALUES (11, 'Spring', 1);
INSERT INTO `t_tag` VALUES (13, 'Docker', 1);
INSERT INTO `t_tag` VALUES (14, '多线程', 1);
INSERT INTO `t_tag` VALUES (15, 'Java', 1);
INSERT INTO `t_tag` VALUES (16, 'MySQL', 1);
INSERT INTO `t_tag` VALUES (17, 'LeetCode', 1);
INSERT INTO `t_tag` VALUES (18, 'OOM', 1);
INSERT INTO `t_tag` VALUES (19, 'JVM', 1);
INSERT INTO `t_tag` VALUES (20, 'Linux', 1);
INSERT INTO `t_tag` VALUES (21, 'IO', 1);

-- ----------------------------
-- Table structure for t_type
-- ----------------------------
DROP TABLE IF EXISTS `t_type`;
CREATE TABLE `t_type`  (
  `id` bigint(20) NOT NULL AUTO_INCREMENT,
  `name` varchar(255) CHARACTER SET utf8 COLLATE utf8_general_ci NULL DEFAULT NULL,
  `state` bigint(10) NULL DEFAULT NULL,
  PRIMARY KEY (`id`) USING BTREE
) ENGINE = InnoDB AUTO_INCREMENT = 37 CHARACTER SET = utf8 COLLATE = utf8_general_ci ROW_FORMAT = Dynamic;

-- ----------------------------
-- Records of t_type
-- ----------------------------
INSERT INTO `t_type` VALUES (3, '总结记录', 1);
INSERT INTO `t_type` VALUES (34, '源码学习', 1);
INSERT INTO `t_type` VALUES (35, '框架学习', 1);
INSERT INTO `t_type` VALUES (36, '刷题记录', 1);

-- ----------------------------
-- Table structure for t_user
-- ----------------------------
DROP TABLE IF EXISTS `t_user`;
CREATE TABLE `t_user`  (
  `id` bigint(20) NOT NULL AUTO_INCREMENT,
  `nickname` varchar(255) CHARACTER SET utf8 COLLATE utf8_general_ci NULL DEFAULT NULL,
  `username` varchar(255) CHARACTER SET utf8 COLLATE utf8_general_ci NOT NULL DEFAULT '',
  `password` varchar(255) CHARACTER SET utf8 COLLATE utf8_general_ci NOT NULL DEFAULT '',
  `email` varchar(255) CHARACTER SET utf8 COLLATE utf8_general_ci NULL DEFAULT NULL,
  `avatar` varchar(255) CHARACTER SET utf8 COLLATE utf8_general_ci NULL DEFAULT NULL,
  `type` int(10) NULL DEFAULT NULL,
  `create_time` datetime(0) NULL DEFAULT NULL,
  `update_time` datetime(0) NULL DEFAULT NULL,
  PRIMARY KEY (`id`) USING BTREE
) ENGINE = InnoDB AUTO_INCREMENT = 2 CHARACTER SET = utf8 COLLATE = utf8_general_ci ROW_FORMAT = Dynamic;

-- ----------------------------
-- Records of t_user
-- ----------------------------
INSERT INTO `t_user` VALUES (1, 'zealously\r\n\r\n', '故事', '$2a$10$rfioC0YuA3YfOib4h3dDreipmQW.Bd8xRFzsuYWtoHAl.GgiSF0zq', '1532239199@qq.com', 'https://47.93.123.42:80/upload/images/20200715/1594792736299_535.jpg', 1, '2020-04-03 16:03:24', '2020-07-13 16:04:07');

SET FOREIGN_KEY_CHECKS = 1;
